Прізвище,Ім'я,По батькові,Стать,Дата народження,Посада,Місто проживання,Адреса проживання,Телефон,Email
Василевич,Емілія,Анатоліївна,Жіноча,1982-11-09,Єгер,село Куп'янськ,"набережна Пейзажна, буд. 1 кв. 414, Кілія, 24469",007 982 20 94,vlevchenko@example.org
Ванченко,Олександр,Олександрович,Чоловіча,2011-07-12,Детектив,хутір Бобринець,"провулок Паркова, буд. 622, Дніпрорудне, 76646",+380 68 357 20 57,habelkomykhailo@example.org
Тиха,Едита,Михайлівна,Жіноча,1968-08-12,Науковець,село Багачеве,"парк Стороженка Олега, буд. 022 кв. 390, Джанкой, 48243",+380 15 126 80 36,taras12@example.org
Орлик,Михайло,Васильович,Чоловіча,1994-05-23,Машиніст,хутір Дунаївці,"провулок Житомирський 4-й, буд. 8, Мерефа, 06498",+380 86 440-94-53,okseniiapavlychenko@example.com
Ґереґа,Еріка,Петрівна,Жіноча,2005-05-24,Соціолог,селище Решетилівка,"шосе Учнівська, буд. 783, Тернівка, 76533",+380 (32) 855-05-64,adashablii@example.com
Дерегус,Гордій,Олександрович,Чоловіча,1997-08-17,Футболіст,селище Антрацит,"провулок Соціальна, буд. 19 кв. 25, Кремінна, 80229",+380 (80) 255-34-95,tbabiuk@example.com
Фаренюк,Галина,Василівна,Жіноча,1962-02-24,Бізнесмен,хутір Новоукраїнка,"провулок 4-та Лінія Марії Демченко, буд. 204 кв. 435, Петрово-Красносілля, 21063",318 00 51,zynoviizhaivoron@example.com
Єресько,Марʼяна,Вікторівна,Жіноча,1954-10-07,Промисловець,хутір Коростишів,"узвіз Селекційний, буд. 4 кв. 128, Бурштин, 85903",+380 39 557 46 52,lukian27@example.com
Шаблій,Олена,Олександрівна,Жіноча,1958-06-29,Парфюмер,місто Яготин,"парк Князівський, буд. 3, Нова Одеса, 31658",+380 15 707-17-15,avdieienkoklyment@example.org
Михалюк,Аніта,Вікторівна,Жіноча,1960-03-28,Режисер,село Докучаєвськ,"провулок Лінія 30-та, буд. 239, Судова Вишня, 97053",366-49-04,kamilla14@example.org
Ярема,Андрій,Романович,Чоловіча,1960-02-08,Гірник,місто Буринь,"сквер Бутишів, буд. 91 кв. 375, Глухів, 87511",941 56 85,ndrobiazko@example.com
Їжак,Яків,Юрійович,Чоловіча,1965-09-19,Кінолог,село Батурин,"узвіз Віри Інбер, буд. 453 кв. 08, Приморськ, 24040",511 00 08,makarhaidenko@example.org
Конопленко,Марина,Сергіївна,Жіноча,1991-08-26,Провізор,хутір Липовець,"провулок Костанді, буд. 9, Ківерці, 82272",+380 79 947 23 24,ivan71@example.net
Ващук,Єва,Богданівна,Жіноча,1987-01-09,Швачка,селище Красноперекопськ,"набережна Осипова, буд. 5, Бобровиця, 31524",068 745-81-04,terezaivashchenko@example.com
Дейнеко,Наталія,Степанівна,Жіноча,1998-11-02,М'ясник,хутір Лиман,"сквер Деволанівський узвіз, буд. 2, Каховка, 59066",083 942-65-78,vatamaniukmyroslav@example.net
Шило,Стефан,Дмитрович,Чоловіча,1948-12-05,Золотар,місто Хрустальний,"шосе Севастопольський, буд. 257 кв. 932, Миколаїв, 28123",905 32 58,symon51@example.org
Аврамчук,Олег,Михайлович,Чоловіча,1970-10-10,Астрофізик,хутір Златопіль,"парк Андросовський, буд. 8, Кремінна, 18422",+380 (71) 532-03-00,liubov30@example.com
Заїка,Григорій,Миколайович,Чоловіча,1965-10-30,Математик,хутір Білопілля,"площа Дубовий гай, буд. 06, Носівка, 68466",033 929 38 27,martyn48@example.net
Валенко,Аніта,Анатоліївна,Жіноча,1978-11-15,Епідеміолог,місто Мирноград,"парк Осипова, буд. 61 кв. 062, Лебедин, 40950",470-54-85,kamilla75@example.org
Ґерета,Алевтин,Володимирович,Чоловіча,1956-01-28,Скульптор,хутір Сквира,"площа Лобачевського, буд. 530 кв. 7, Красногорівка, 76035",212-45-22,nataliiaviter@example.com
Левченко,Вадим,Васильович,Чоловіча,1977-08-21,Редактор,місто Єнакієве,"провулок Восьмого березня 8-й, буд. 436 кв. 268, Комарно, 77217",077 062-58-57,panteleimon89@example.org
Таран,Борислав,Юрійович,Чоловіча,2002-12-28,Різноробочий,село Чистякове,"площа Кременецький, буд. 687, Гребінка, 09173",+380 57 123-29-55,zhadaniustyna@example.com
Вакарчук,Богданна,Олександрівна,Жіноча,2002-03-14,Ювелір,селище Полтава,"парк Зелена, буд. 387 кв. 5, Сватове, 71422",+380 (82) 042-11-09,holoborodkomykyta@example.net
Ґалаґан,Валентина,Романівна,Жіноча,2010-09-25,Геолог,селище Новгород-Сіверський,"вулиця Сергія Єфремова, буд. 9 кв. 07, Балта, 49301",+380 (65) 853-46-89,arubets@example.net
Даньків,Леопольд,Олексійович,Чоловіча,1987-10-12,Гицель,селище Зоринськ,"узвіз Каховський, буд. 2, Гадяч, 51098",+380 23 454 88 26,tryhubviktoriia@example.net
Охріменко,Демид,Степанович,Чоловіча,1963-07-19,Євнух,селище Щолкіне,"сквер Бандурний, буд. 128 кв. 2, Борзна, 31707",059 210-11-22,nalyvaikoalbina@example.org
Ільєнко,Левко,Дмитрович,Чоловіча,1950-07-31,Модель,місто Ірміно,"парк Флотський 3-й, буд. 89 кв. 94, Малин, 84031",044 816-71-73,nshutko@example.com
Усик,Борислав,Васильович,Чоловіча,2004-03-21,Реабілітолог,місто Лубни,"площа Байкал тупик, буд. 76, Добромиль, 06964",+380 26 322-78-04,kamillababarychenko@example.net
Пʼятаченко,Надія,Андріївна,Жіноча,1958-03-30,Електромонтер,хутір Білозерське,"сквер Отамана Головатого, буд. 07, Боярка, 68634",748-66-51,havrylo31@example.com
Величко,Пантелеймон,Тарасович,Чоловіча,2010-11-30,Детектив,селище Рожище,"шосе Митна, буд. 32, Дубляни, 56764",+380 39 289-87-16,derkachkhrystyna@example.com
Дрозд,Богуслава,Сергіївна,Жіноча,1988-08-16,Детектив,село Тиврів,"провулок Деревообробний 1-й, буд. 891, Боково-Хрустальне, 85436",071 231 13 16,klymenthavryshkevych@example.com
Юрченко,Володимира,Григорівна,Жіноча,1990-06-01,Флорист,хутір Радивилів,"проспект Кінбурнський, буд. 6 кв. 10, Пирятин, 42265",624 82 01,kovalenkoliubov@example.org
Фоменко,Олесь,Анатолійович,Чоловіча,2001-09-23,Епідеміолог,хутір Здолбунів,"провулок Тараса Кузьміна, буд. 648 кв. 4, Канів, 50122",056 107-79-74,derhachvalerii@example.org
Яремчук,Ігнат,Андрійович,Чоловіча,1990-09-02,Епідеміолог,хутір Сторожинець,"провулок Скидановський узвіз, буд. 4, Щастя, 49852",659-86-93,demianrudko@example.org
Бандера,Олекса,Андрійович,Чоловіча,1974-01-19,М'ясник,село Сніжне,"площа Геологічна, буд. 70, Антрацит, 54969",760 83 13,avalenko@example.org
Деряжна,Ірина,Іванівна,Жіноча,1950-07-02,Журналіст,селище Берегове,"проспект Гранатна, буд. 719, Борзна, 95329",+380 82 214-57-45,sviatoslav88@example.com
Іщак,Георгій,Степанович,Чоловіча,1975-05-30,Педагог,село Ладижин,"провулок Юхима Фесенка, буд. 090 кв. 94, Ворожба, 88508",+380 01 204-16-33,marusia84@example.net
Юрчишин,Марія,Тарасівна,Жіноча,1981-03-26,Антрополог,селище Ладижин,"парк Кордонна, буд. 770 кв. 6, Нікополь, 32326",+380 13 474-52-47,qpiddubnyi@example.org
Дараган,Марʼяна,Петрівна,Жіноча,1963-12-28,Бізнесмен,село Білозерське,"площа Садова 6-та, буд. 807 кв. 4, Звенигородка, 61574",022 812 94 27,tymofii23@example.net
Чорновіл,Василь,Дмитрович,Чоловіча,1990-06-16,Дерун,село Яготин,"шосе Лінія 44-та, буд. 112, Кролевець, 56937",049 327-82-88,deinekorostyslav@example.net
Корбут,Еріка,Тарасівна,Жіноча,2003-12-02,Стиліст,місто Кіцмань,"сквер Аеропортівський 4-й, буд. 64, Верхівцеве, 05405",+380 47 521 94 50,utelychenko@example.org
Рябошапка,Ірена,Василівна,Жіноча,1997-03-18,Кухар,село Вашківці,"узвіз Стельмаха, буд. 3, Сіверськ, 87195",+380 81 980 67 35,vitalii52@example.org
Чубай,Орхип,Анатолійович,Чоловіча,1969-10-11,Співак,селище Татарбунари,"провулок Лучиста, буд. 304 кв. 348, Новий Буг, 48090",+380 60 042-16-00,teodor16@example.org
Деркач,Вікторія,Андріївна,Жіноча,1975-03-27,Різноробочий,селище Бар,"парк Басейний 4-й, буд. 380, Охтирка, 28978",093 207-47-92,kybkaloiakiv@example.org
Давиденко,Кирило,Олександрович,Чоловіча,2002-05-05,Ріелтор,селище Вижниця,"узвіз Івана Луценка, буд. 38 кв. 07, Кам'янка-Дніпровська, 43075",+380 23 956-36-66,ashynkarenko@example.com
Скоробогатько,Орхип,Юрійович,Чоловіча,1993-01-17,Зоолог,місто Новоукраїнка,"парк Центральний аеропорт, буд. 977 кв. 7, Хмельницький, 58425",+380 (52) 472-01-54,alevtyn25@example.net
Демʼянчук,Ігнат,Іванович,Чоловіча,1999-11-01,Кухар,селище Арциз,"проспект Ботанічний, буд. 885 кв. 118, Тульчин, 83994",+380 77 231-50-51,itsiupa@example.net
Запорожець,Демʼян,Павлович,Чоловіча,1991-06-30,М'ясник,хутір Рудки,"площа Мариністів, буд. 326 кв. 7, Васильків, 94917",+380 (03) 515-19-71,martyncherednyk@example.com
Килимник,Михайлина,Сергіївна,Жіноча,2000-06-01,Агроном,селище Кривий Ріг,"провулок Лазурний 3-й, буд. 077, Жовква, 96589",119 18 21,fhavryliuk@example.net
Їжакевич,Амвросій,Григорович,Чоловіча,1946-12-15,Електромонтер,хутір Чернівці,"провулок Травневий 4-й, буд. 48 кв. 743, Енергодар, 08273",+380 58 942 46 93,zhaliloleon@example.com
Чала,Світлана,Андріївна,Жіноча,2011-02-10,М'ясник,селище Надвірна,"узвіз Училищна, буд. 685 кв. 82, Берислав, 24073",022 269-42-52,ihnat54@example.com
Баранець,Олена,Андріївна,Жіноча,1948-06-16,Інженер,селище Олександрівськ,"площа Байкал тупик, буд. 882, Кам'янець-Подільський, 10907",+380 (58) 056-59-34,ieshchenkoada@example.net
Єфименко,Ігнат,Дмитрович,Чоловіча,1984-10-18,Мінералог,селище Кременець,"провулок Йосипа Фішера, буд. 64 кв. 64, Новоселиця, 55326",+380 35 384 89 54,panteleimongerus@example.com
Авдєєнко,Софія,Володимирівна,Жіноча,1963-04-13,Локсмайстер,селище Бар,"шосе Лазурний 1-й, буд. 7, Чернігів, 29551",+380 01 476 63 33,ezatovkaniuk@example.com
Данько,Богданна,Богданівна,Жіноча,1950-11-16,Археолог,селище Острог,"вулиця Митна, буд. 78 кв. 4, Мерефа, 27933",076 138 81 81,hryhoriilemeshko@example.com
Павличенко,Юхим,Олексійович,Чоловіча,2000-03-04,Електрослюсар,село Малин,"провулок Гена Іоганна, буд. 0, Косів, 54513",+380 (40) 957-72-57,hanna76@example.org
Бабко,Михайло,Олексійович,Чоловіча,2010-09-24,Пекар,село Довжанськ,"вулиця Джевецького, буд. 6 кв. 95, Глиняни, 23456",+380 47 507-19-42,iefrematamanchuk@example.org
Філіпенко,Сергій,Степанович,Чоловіча,1957-04-26,Маркетолог,селище Бахчисарай,"набережна Кар’єрна, буд. 6 кв. 911, Вознесенівка, 82262",+380 17 979-40-43,mariiadutka@example.org
Масоха,Ольга,Іванівна,Жіноча,1983-11-24,Стропальник,село Самар,"сквер Добровольців, буд. 7 кв. 56, Вінниця, 75888",+380 18 414-36-56,andriichuksvitlana@example.org
Чміль,Ярина,Петрівна,Жіноча,1948-01-13,Перекладач,селище Канів,"узвіз Генуезька, буд. 58, Новоукраїнка, 22782",+380 47 665-06-63,hordii67@example.net
Вітер,Олена,Григорівна,Жіноча,1990-01-02,Кіноактор,село Городок,"набережна Климовича, буд. 941 кв. 724, Жидачів, 45383",081 660-69-10,hupaloazar@example.org
Єсипенко,Микита,Романович,Чоловіча,1966-04-04,Фармацевт,хутір Ворожба,"площа Новощіпний ряд, буд. 643, Святогірськ, 06495",030 122 36 24,havryshkevychklavdiia@example.org
Левченко,Дарина,Дмитрівна,Жіноча,1951-08-21,Диригент,місто Новояворівськ,"площа Тепличний 1-й, буд. 816, Прилуки, 15156",038 361 47 74,eshelest@example.org
Луценко,Єлисей,Тарасович,Чоловіча,1977-08-16,Хімік,місто Сміла,"узвіз Байдарочний, буд. 1, Підгайці, 51158",480 33 80,bohodar79@example.net
Микитюк,Дан,Григорович,Чоловіча,1957-07-25,М'ясник,село Федорівка,"провулок Моторний 1-й, буд. 5 кв. 7, Гайсин, 10665",705 13 63,lukian17@example.com
Фаренюк,Олесь,Петрович,Чоловіча,2009-04-16,Слідчий,селище Рубіжне,"сквер 14-та Лінія 6-й ст. Люстдорфської дороги, буд. 2 кв. 797, Бахчисарай, 13308",086 907 39 51,tovcharenko@example.com
Палій,Алевтин,Миколайович,Чоловіча,1953-01-01,Пілот,село Глобине,"сквер Травневий 4-й, буд. 66 кв. 97, Пирятин, 48775",198 18 91,tkaras@example.net
Гриценко,Лілія,Олексіївна,Жіноча,1970-09-29,Скульптор,селище Семенівка,"парк Старосінна, буд. 37 кв. 977, Чорнобиль, 44728",+380 43 318-33-01,okhrim19@example.net
Гавриш,Роксолана,Тарасівна,Жіноча,2006-09-29,Музикант,селище Копичинці,"провулок Олександра Білостінного, буд. 0, Бучач, 54924",000 937 77 72,kostiantynzhadan@example.net
Хоменко,Руслан,Степанович,Чоловіча,2009-11-01,Євнух,хутір Карлівка,"набережна Паркова, буд. 5, Тростянець, 88791",040 856 08 89,serhii49@example.net
Ґереґа,Мартин,Олексійович,Чоловіча,1996-05-21,Менеджер,місто Кам'янка (Черкаська область),"вулиця Краснослобідська, буд. 1 кв. 799, Олександрівськ, 27506",331-41-33,npanchuk@example.com
Чорновіл,Оксенія,Анатоліївна,Жіноча,2006-06-24,Промисловець,хутір Глухів,"шосе Незалежності, буд. 731, Олександрівськ, 13338",645-69-48,venhrynovychleontii@example.com
Чекалюк,Соломон,Богданович,Чоловіча,1981-07-25,Паралегал,місто Білогірськ,"шосе Олешківська, буд. 539, Васильків, 17593",180 97 36,levko48@example.org
Забіла,Мирон,Андрійович,Чоловіча,1950-06-01,Музикознавець,хутір Берислав,"сквер Чубаївська, буд. 543, Херсон, 43847",+380 75 338-61-72,irvanetsalla@example.net
Ребрик,Олег,Іванович,Чоловіча,1971-10-08,Флорист,селище Луганськ,"провулок Слобідський узвіз, буд. 7 кв. 7, Голубівка, 45412",039 761 71 20,levchenkoomelian@example.com
Акименко,Альберт,Григорович,Чоловіча,1983-09-01,Модельєр,хутір Новогродівка,"проспект Кустанайський 2-й, буд. 098 кв. 7, Багачеве, 01760",+380 (43) 511-73-15,piddubnyimarko@example.com
Влох,Анжела,Андріївна,Жіноча,1974-04-23,Модельєр,місто Шостка,"узвіз Томатна, буд. 448 кв. 19, Деражня, 81815",011 632 92 43,priabovil@example.net
Атрощенко,Симон,Петрович,Чоловіча,1968-11-07,Кухар,село Бориспіль,"проспект Рульовий, буд. 39, Гнівань, 52436",009 532-39-78,orynakonoplia@example.com
Забара,Михайло,Дмитрович,Чоловіча,1976-01-15,Диригент,селище Богодухів,"проспект Овідіопольський, буд. 559, Лебедин, 06143",533 88 59,wsemenchenko@example.net
Євтушок,Єва,Петрівна,Жіноча,1991-01-25,Кухар,селище Вознесенськ,"проспект Лазурний 1-й, буд. 1, Попасна, 21894",114-58-67,rchumachenko@example.org
Лазаренко,Данило,Михайлович,Чоловіча,1976-03-24,Клоун,селище Кролевець,"вулиця Чайкова, буд. 6 кв. 171, Коростишів, 90784",513-93-16,bohuslavasemenchenko@example.org
Андрієвич,Гліб,Степанович,Чоловіча,1997-12-21,Журналіст,селище Подільськ,"парк Лазурний 6-й, буд. 1 кв. 336, Болград, 49044",069 344 06 19,valentynasheremeta@example.com
Цісик,Зорян,Юрійович,Чоловіча,1977-06-22,Гірник,хутір Ромни,"узвіз Короткий, буд. 0 кв. 49, Калинівка, 67095",+380 (35) 944-68-14,levkoshovkoplias@example.com
Бабій,Варвара,Петрівна,Жіноча,2010-04-24,Електромонтажник,село Дубляни,"парк Дальній, буд. 819, Олександрія, 34890",029 233 16 97,bartiukh@example.com
Гаврюшенко,Стефан,Михайлович,Чоловіча,2005-03-12,Продюсер,селище Федорівка,"вулиця 3-тя Лінія 4-ї ст. Люстдорфської дороги, буд. 82, Інкерман, 94976",073 070 37 52,vdovychenkovarvara@example.net
Атрощенко,Богданна,Михайлівна,Жіноча,1993-02-28,Стропальник,село Бібрка,"вулиця Заводська 2-га, буд. 9, Арциз, 83628",095 153-18-18,ucherednyk@example.com
Свириденко,Данило,Романович,Чоловіча,1960-10-11,Намотувальник,місто Золочів,"узвіз Купріна, буд. 298, Рудки, 74550",067 082 71 15,rakielysaveta@example.com
Забіла,Камілла,Павлівна,Жіноча,2011-04-25,Науковець,село Кам'янське,"площа Лиманчик 2-й Лінія 5-та, буд. 43, Гірське, 50043",085 430-58-49,albinatereshchuk@example.org
Голик,Святослава,Дмитрівна,Жіноча,1992-02-06,Промисловець,село Хрустальний,"проспект Аеропортівський 3-й, буд. 81, Вільногірськ, 86663",+380 42 804 27 83,disaievych@example.com
Юхименко,Ліза,Олександрівна,Жіноча,2005-06-20,Агроном,місто Бунге,"узвіз Буковинська, буд. 28 кв. 75, Великі Мости, 67486",054-78-74,arsenbashtan@example.org
Усик,Аніта,Степанівна,Жіноча,1957-05-12,Державний службовець,хутір Марганець,"парк Велика Арнаутська, буд. 64 кв. 9, Семенівка, 08138",+380 30 542-50-10,uartiushenko@example.org
Байдак,Хома,Дмитрович,Чоловіча,1994-06-27,Круп'є,селище Лиман,"набережна Місячний, буд. 2 кв. 06, Новояворівськ, 47250",828 80 29,artymovychvolodymyra@example.org
Щербак,Богуслав,Юрійович,Чоловіча,1970-11-10,Кухар,селище Одеса,"площа Лінія 40-ва, буд. 43 кв. 7, Знам'янка, 21002",321-01-57,ihnatshynkarenko@example.net
Тимченко,Аліна,Василівна,Жіноча,1992-10-01,Паблік рилейшнз,селище Борщів,"провулок Волинський, буд. 5 кв. 434, Євпаторія, 09759",+380 31 376-73-94,dan30@example.org
Євдокименко,Богуслава,Тарасівна,Жіноча,1975-11-04,Електромонтер,місто Донецьк,"шосе Залізнична, буд. 35, Сніжне, 27559",015 244 81 45,otymchenko@example.com
Абраменко,Георгій,Петрович,Чоловіча,2010-02-07,Локсмайстер,хутір Кролевець,"парк Василя Кандинського 1-й, буд. 4 кв. 7, Хоростків, 60296",+380 16 707-23-12,mykhailo27@example.com
Штокало,Володимир,Степанович,Чоловіча,1993-06-26,Музикознавець,місто Біляївка,"вулиця Чорноморський 7-й, буд. 5, Апостолове, 68812",+380 (54) 683-34-62,ederhach@example.com
Ярема,Єлисей,Олексійович,Чоловіча,1973-06-09,Машиніст,село Ізюм,"узвіз Черешнева, буд. 4, Івано-Франківськ, 68037",068 740 62 95,orlykeduard@example.org
Самойленко,Емілія,Романівна,Жіноча,1994-05-16,Живописець,селище Очаків,"набережна Наявний 5-й, буд. 724 кв. 141, Ніжин, 75948",031 716 79 73,tymchenkomyroslav@example.org
Ірванець,Світлана,Іванівна,Жіноча,1962-04-11,Громадський діяч,місто Старий Крим,"шосе Студентський 5-й, буд. 11 кв. 81, Хирів, 89823",098 909-86-93,huzenkotetiana@example.net
Дзюба,Валентина,Миколаївна,Жіноча,1995-12-23,Маркетолог,селище Перемишляни,"проспект Злакова, буд. 10 кв. 37, Середина-Буда, 99438",045 748 12 07,skashchenko@example.net
Дейнека,Тимофій,Павлович,Чоловіча,1959-12-11,Намотувальник,село Жидачів,"площа Прохоровський, буд. 339, Каховка, 73769",079 919-03-09,liliiariabchenko@example.org
Андріїшин,Прохір,Миколайович,Чоловіча,1982-01-27,Музичний редактор,місто Здолбунів,"провулок Дениса Максишка, буд. 266, Тернопіль, 40059",491 75 11,hryhorii29@example.com
Ткаченко,Юстим,Олександрович,Чоловіча,1984-11-08,Ботанік,селище Підгородне,"сквер Рівності, буд. 81 кв. 2, Комарно, 43920",+380 98 331-46-24,iukhym68@example.com
Франчук,Віталій,Юрійович,Чоловіча,1981-09-17,Мовознавець,селище Самар,"площа Вернидуба, буд. 340, Сіверськ, 19273",+380 68 021 06 91,cbandurka@example.org
Базилевський,Арсен,Дмитрович,Чоловіча,1950-12-24,Патологоанатом,селище Маріуполь,"площа Пресича Олександра, буд. 7, Хорол, 14629",+380 84 470 54 08,iustynatereshchenko@example.org
Міщенко,Клавдія,Володимирівна,Жіноча,1951-09-04,Локсмайстер,хутір Старобільськ,"набережна Старобазарний, буд. 7 кв. 649, Нова Каховка, 57959",537-22-84,korsunalla@example.org
Абраменко,Клавдія,Іванівна,Жіноча,2008-08-09,Менеджер,село Лебедин,"провулок Степний 2-й, буд. 4, П'ятихатки, 48094",+380 (99) 043-97-94,marianaavramenko@example.com
Ільєнко,Сніжана,Дмитрівна,Жіноча,1989-03-26,Швачка,хутір Одеса,"площа Верхня, буд. 59 кв. 49, Вижниця, 07160",+380 (47) 043-79-68,drobakhaamaliia@example.org
Лисенко,Хома,Вікторович,Чоловіча,1975-10-30,Електромонтер,село Броди,"площа Джерельна, буд. 913, Інкерман, 56926",+380 66 430-03-91,zshvedchenko@example.org
Калениченко,Алла,Богданівна,Жіноча,2004-10-17,Режисер,місто Борзна,"вулиця Павлова, буд. 23, Герца, 19521",097 887-96-56,myroslavbabychenko@example.com
Охріменко,Тимофій,Михайлович,Чоловіча,1948-12-07,Кінолог,хутір Балта,"провулок Восьмого березня, буд. 66, Сновськ, 15812",795-82-75,jiaremenko@example.org
Удовенко,Ярослав,Олексійович,Чоловіча,1950-05-12,Журналіст,село Перевальськ,"проспект Наявний 5-й, буд. 48, Хирів, 27879",+380 (38) 913-91-59,ihaida@example.net
Конопленко,Богодар,Миколайович,Чоловіча,1964-05-14,Скульптор,селище Ананьїв,"набережна Лютнева, буд. 8 кв. 384, Володимир-Волинський, 80540",+380 95 297 96 29,makarpanchuk@example.org
Аврамчук,Стефан,Сергійович,Чоловіча,1972-09-07,Скульптор,хутір Отаманівка,"площа Обривиста, буд. 0 кв. 81, Хуст, 84643",054 604 71 91,yriabets@example.com
Базилевич,Охрім,Степанович,Чоловіча,1984-11-24,Сценарист,хутір Борщів,"парк Корнюшина, буд. 8, Олешки, 83696",020 012 00 95,dpiatachenko@example.net
Демиденко,Арсен,Михайлович,Чоловіча,1982-03-12,Астроном,село Волочиськ,"сквер Офіцерський 1-й, буд. 80, Українка, 72558",856-63-09,andriimalyshko@example.org
Деревʼянко,Орина,Юріївна,Жіноча,1955-04-24,Паралегал,хутір Апостолове,"проспект Солонцюватий, буд. 5, Чернівці, 84562",084 004 46 43,stepankorsun@example.com
Тихий,Трохим,Олександрович,Чоловіча,2004-10-01,Кінорежисер,селище Златопіль,"парк Савранська, буд. 9 кв. 26, Камінь-Каширський, 54747",+380 70 974 22 55,viterles@example.org
Ващенко-Захарченко,Мартин,Іванович,Чоловіча,1968-12-29,Інженер,селище Хуст,"сквер Книжковий, буд. 19, Кодима, 69471",020 956-07-31,baidakmarta@example.org
Фастенко,Галина,Анатоліївна,Жіноча,1953-01-26,Кухар,місто Благовіщенське,"вулиця Миколи Кравченка, буд. 4 кв. 8, Кременчук, 21117",+380 63 388-23-30,shukhevychvolodymyr@example.org
Демʼянюк,Остап,Анатолійович,Чоловіча,1988-08-05,Філолог,місто Красногорівка,"шосе Лінія 47-ма, буд. 92, П'ятихатки, 70947",955-24-55,deriazhnyivadym@example.com
Шило,Миколай,Миколайович,Чоловіча,1949-12-02,Професор,хутір Світлодарськ,"проспект Партизанська, буд. 4 кв. 837, Южноукраїнськ, 68267",+380 06 022-47-49,artem79@example.com
Ґалаґан,Олександр,Васильович,Чоловіча,1950-03-08,Дерун,селище Шахтарськ,"провулок Квантовий, буд. 976 кв. 4, Чигирин, 60841",+380 (90) 848-29-32,rmykhailiuk@example.com
Кибкало,Едита,Анатоліївна,Жіноча,2003-01-06,Паралегал,село Нововолинськ,"набережна Пісочний, буд. 4, Валки, 38018",048 766-54-09,marko78@example.net
Валенко,Аврелій,Миколайович,Чоловіча,2005-01-27,Ді-джей,село Довжанськ,"площа Кордонний, буд. 0 кв. 4, Нікополь, 92536",+380 53 290-53-08,ehavrylyshyn@example.net
Верменич,Леопольд,Вікторович,Чоловіча,1999-05-15,Живописець,місто Алупка,"парк Дюківський сад, буд. 875 кв. 31, Кілія, 80424",077 888 27 85,liudmylanehoda@example.org
Таран,Гордій,Олексійович,Чоловіча,1980-12-28,Швачка,хутір Новогродівка,"шосе Пересипська 10-та, буд. 591 кв. 9, Волноваха, 08018",130 74 66,oles91@example.com
Дутка,Миколай,Іванович,Чоловіча,1986-08-18,Пекар,село Вознесенівка,"шосе Нафтовиків, буд. 6, Сторожинець, 08387",+380 (53) 412-62-44,ziukhymenko@example.org
Дергач,Емілія,Володимирівна,Жіноча,2003-11-20,Конструктор,місто Привілля,"шосе Астрономічний, буд. 219, Каховка, 24301",+380 82 049 40 52,tarasenkovolodymyr@example.net
Андріїшин,Степан,Романович,Чоловіча,2003-09-01,Кінокритик,селище Козятин,"парк Перша, буд. 8 кв. 525, Хорол, 81893",954 41 14,ftarasenko@example.org
Щербак,Ганна,Степанівна,Жіноча,2010-06-24,Редактор,місто Жовква,"парк 4-та Лінія Марії Демченко, буд. 071 кв. 5, Кадіївка, 28014",+380 43 295-47-35,tereza72@example.org
Чубай,Марта,Романівна,Жіноча,1999-05-08,Секретар,селище Нове Давидково,"шосе Грузинська, буд. 1, Феодосія, 30018",053 836 30 66,chabanles@example.com
Бабич,Данна,Миколаївна,Жіноча,1976-12-30,Журналіст,селище Благовіщенське,"провулок Рішельєвська, буд. 0, Торецьк, 41607",+380 26 067-83-18,romanchukdemian@example.org
Тарасенко,Орина,Петрівна,Жіноча,2004-06-20,Економіст,село Білогірськ,"сквер Канатна, буд. 4, Самар, 86044",048 786-03-71,liliiateslenko@example.org
Стельмах,Данна,Михайлівна,Жіноча,1979-03-20,Архітектор,село Чернівці,"набережна Юхима Геллера, буд. 857 кв. 56, Маріуполь, 13129",+380 01 305-66-09,sofiia28@example.net
Щириця,Дарина,Миколаївна,Жіноча,1962-12-28,Водій,селище Мостиська,"узвіз Дюківська, буд. 9, Почаїв, 32337",+380 33 850 91 77,eduard00@example.net
Яковенко,Вікторія,Сергіївна,Жіноча,2009-08-26,Мікробіолог,селище Алупка,"парк Миколи Огренича, буд. 18 кв. 66, Благовіщенське, 16976",189 44 69,jvashchuk@example.net
Чуприна,Ірина,Юріївна,Жіноча,2007-02-09,Пілот,селище Докучаєвськ,"набережна Затишна, буд. 320, Стебник, 28156",253-58-24,bromanets@example.com
Прокопович,Валентина,Сергіївна,Жіноча,1983-12-31,Художник,місто Українськ,"площа Троїцька, буд. 3, Носівка, 63402",075 273-04-79,viktoriiatryhub@example.com
Вернидуб,Феофан,Степанович,Чоловіча,1973-01-31,Локсмайстер,село П'ятихатки,"площа Старокінний, буд. 1, Приморськ, 87166",+380 71 797-74-42,valeriibabiuk@example.net
Рудько,Панас,Григорович,Чоловіча,1979-04-03,Археолог,село Чорнобиль,"набережна Морехідна, буд. 34 кв. 0, Кременець, 86390",886 15 76,ielysei11@example.com
Асаула,Пріска,Михайлівна,Жіноча,1959-08-03,Секретар,селище Берестин,"сквер Пироговський, буд. 213, Бахмут, 35124",105 20 00,okseniiaiarosh@example.net
Усик,Остап,Володимирович,Чоловіча,1956-01-04,Психолог,селище Буринь,"провулок Сірожупанників, буд. 8 кв. 710, Моршин, 28782",054 270 76 08,shevchenkomykhailo@example.com
Єресько,Василина,Миколаївна,Жіноча,2005-03-31,Мистецтвознавець,село Заліщики,"площа Академічна, буд. 36, Чистякове, 52710",+380 (93) 507-24-79,iarema23@example.org
Ніколюк,Юстим,Юрійович,Чоловіча,1954-09-09,Мікробіолог,село Вугледар,"сквер Штильова, буд. 14, Зборів, 24696",+380 (07) 624-24-91,boryslavkozak@example.com
Конопленко,Кирило,Олександрович,Чоловіча,1981-04-05,Кушнір,селище Хуст,"узвіз В'ячеслава Липинського, буд. 384 кв. 4, Борислав, 01862",+380 (63) 575-05-31,kskoryk@example.com
Нестайко,Вікторія,Олександрівна,Жіноча,1972-09-19,Астрофізик,хутір Євпаторія,"набережна Стовпова, буд. 17, Бібрка, 69842",056 554 88 97,varfolomiiderehus@example.org
Заїка,Олександр,Миколайович,Чоловіча,1953-07-13,Ґрунтознавець,місто Ірміно,"парк Скляний 3-й, буд. 0, Камінь-Каширський, 70438",+380 24 180 10 32,viktoriiaandreiko@example.com
Канівець,Ярина,Юріївна,Жіноча,1961-09-06,Редактор,село Хмільник,"набережна Планетна, буд. 750 кв. 97, Нікополь, 05748",794 26 93,havryshvioletta@example.org
Олійник,Тетяна,Григорівна,Жіноча,1950-02-25,Економіст,хутір Скадовськ,"площа Ярморочна площа, буд. 774, Мостиська, 53462",+380 (97) 177-24-69,shynkarenkoherman@example.com
Гук,Аарон,Романович,Чоловіча,1984-03-18,Льотчик,селище Сколе,"набережна 4-та Лінія Марії Демченко, буд. 540, Монастириська, 33151",003 699 93 30,alinanalyvaiko@example.org
Лемешко,Франц,Богданович,Чоловіча,2010-03-28,Журналіст,хутір Заставна,"узвіз Професора Каришковського, буд. 888, Здолбунів, 51702",+380 15 327-91-39,mykhailo87@example.com
Гайдай,Миколай,Степанович,Чоловіча,1949-03-07,Випробувач,селище Глобине,"проспект Сашка Хорошенка, буд. 1, Городище, 02965",494 63 89,zhaivoronmartyn@example.net
Червоненко,Трохим,Олексійович,Чоловіча,1958-08-07,Геолог,село Монастирище,"набережна Сирітський 2-й, буд. 548 кв. 9, Гребінка, 53685",+380 (05) 991-96-50,tsych@example.org
Пелех,Анжела,Юріївна,Жіноча,1982-08-09,Зоолог,хутір Сторожинець,"сквер Лінія 38-ма, буд. 247 кв. 117, Алушта, 01048",+380 (47) 089-40-59,zasiadkomakar@example.com
Аверченко,Єлисавета,Михайлівна,Жіноча,1988-06-07,Композитор,селище Прилуки,"шосе 3-тя Лінія 6-й ст. Люстдорфської дороги, буд. 2, Сорокине, 51355",083 235-47-12,qvlasiuk@example.net
Атаманюк,Демʼян,Миколайович,Чоловіча,1997-05-22,Геофізик,місто Дергачі,"вулиця Шефська, буд. 0 кв. 61, Бережани, 43459",528 05 49,vladyslavzinkevych@example.com
Талан,Лукʼян,Іванович,Чоловіча,2006-04-16,Намотувальник,село Тернопіль,"парк Довженка, буд. 0 кв. 914, Бібрка, 36532",+380 65 686-03-79,agereta@example.org
Шеремета,Микита,Петрович,Чоловіча,1949-10-31,Бібліограф,місто Бердянськ,"провулок Юхима Геллера, буд. 8 кв. 07, Миколаїв, 51991",052 353 19 03,panasshvachko@example.org
Мамчур,Олександр,Миколайович,Чоловіча,1950-03-15,Пілот,хутір Жашків,"шосе Єврейська, буд. 1 кв. 341, Харцизьк, 31071",+380 30 619-47-25,amvrosiilutsenko@example.net
Вдовенко,Сніжана,Олексіївна,Жіноча,1966-08-21,Хімік,місто Стрий,"парк Евлії Челебі, буд. 479 кв. 08, Радивилів, 32999",027 402-55-03,oleksandr00@example.com
Затовканюк,Леопольд,Степанович,Чоловіча,1958-07-12,Літературознавець,селище Дубровиця,"проспект Севастопольський, буд. 111 кв. 5, Вуглегірськ, 84865",087 643 03 80,venhrynovychsofiia@example.org
Мамчур,Алевтин,Іванович,Чоловіча,1955-12-14,Прокурор,місто Вільногірськ,"парк Юрія Олеші, буд. 23 кв. 0, Кіцмань, 92708",+380 37 167 10 88,sofiiaprotsenko@example.org
Христенко,Гліб,Олександрович,Чоловіча,2002-10-31,Пекар,хутір Бориспіль,"набережна Пересипська 5-та, буд. 5, Феодосія, 71084",+380 20 418-76-54,iakymenkoieva@example.com
Сагаль,Сніжана,Петрівна,Жіноча,1973-01-05,Кінолог,село Кам'янка (Черкаська область),"парк Кредитний, буд. 915 кв. 6, Комарно, 67697",+380 49 508 27 88,vdovychenkodanylo@example.net
Примаченко,Гліб,Вікторович,Чоловіча,1981-11-09,Бухгалтер,місто Узин,"парк Глухівський, буд. 68, Березне, 39351",019 301-53-33,baranleontii@example.net
Хомик,Омелян,Вікторович,Чоловіча,1977-07-02,Економіст,селище Почаїв,"шосе Соляний 4-й, буд. 30, Сміла, 66213",+380 36 598 45 63,oles48@example.com
Копитко,Тимофій,Володимирович,Чоловіча,1995-05-04,Складальник,хутір Бершадь,"шосе Хаджибейський 1-й, буд. 12 кв. 0, Сокаль, 36900",559 55 60,edytaishchak@example.com
Артюшенко,Тетяна,Дмитрівна,Жіноча,1992-01-15,Журналіст,село Суми,"вулиця Бутишів, буд. 4 кв. 005, Марганець, 75745",096 409 69 38,viurchuk@example.net
Хмара,Максим,Андрійович,Чоловіча,2003-04-11,Продюсер,село Мелітополь,"площа Красива, буд. 83, Буча, 10942",+380 78 258-55-06,wtverdokhlib@example.net
Левченко,Нестор,Сергійович,Чоловіча,2006-02-15,Астроном,село Борзна,"провулок Бродська, буд. 5, Добромиль, 46484",942 66 79,arseniurchyshyna@example.org
Козаченко,Галина,Сергіївна,Жіноча,1987-11-15,Архітектор,селище Знам'янка,"узвіз Сергія Шелухина, буд. 1, Благовіщенське, 18408",081 845 56 75,vakulenkorostyslav@example.com
Артеменко,Святослава,Юріївна,Жіноча,1974-09-21,Фотограф,селище Кривий Ріг,"сквер Хотинський, буд. 32, Володимир-Волинський, 48922",069 704 40 33,khomatryhub@example.org
Щербак,Зиновій,Богданович,Чоловіча,1957-09-08,Краєзнавець,селище Нововолинськ,"сквер Травневий 2-й, буд. 096 кв. 2, Дергачі, 01952",067 553-48-29,pavlykmariia@example.com
Арсенич,Тереза,Михайлівна,Жіноча,2007-09-15,Штукатур,місто Каховка,"вулиця Старопортофранківська, буд. 1 кв. 346, Новоукраїнка, 39047",+380 (74) 024-46-03,priskaveres@example.net
Габелко,Аврелій,Олексійович,Чоловіча,1982-07-24,Головний меркшейдер,село Мелітополь,"узвіз Проїзний 1-й, буд. 537 кв. 848, Самар, 90118",+380 (09) 244-00-25,bholyk@example.org
Бабенко,Нестор,Миколайович,Чоловіча,1983-08-05,Футболіст,селище Верхньодніпровськ,"шосе Юрія Єгорова, буд. 19 кв. 3, Калинівка, 15067",612-63-87,ierchenkoliliia@example.org
Ємець,Ярема,Анатолійович,Чоловіча,1952-07-28,Правник,селище Сторожинець,"провулок Стрийський, буд. 349, Дубляни, 64597",+380 21 077-66-69,kbandera@example.com
Чорновіл,Аркадій,Богданович,Чоловіча,2011-08-01,Ріелтор,місто Черкаси,"вулиця Зої Бутенко, буд. 416 кв. 02, Берислав, 98779",834 40 06,olenabezborodko@example.com
Зайченко,Лілія,Анатоліївна,Жіноча,1973-11-08,Економіст,місто Буча,"площа Аграрна, буд. 33 кв. 05, Сквира, 09939",+380 18 960-31-67,bvdovenko@example.org
Оробець,Франц,Миколайович,Чоловіча,2003-07-18,Електротехнік,хутір Носівка,"вулиця Монастирський, буд. 5 кв. 07, Долина, 17282",013 725-94-82,vlukash@example.net
Швачко,Юхим,Степанович,Чоловіча,1986-05-21,Етнограф,селище Боярка,"площа Юхима Фесенка, буд. 054, Буча, 85939",+380 62 751-37-34,volodymyra15@example.org
Юрчишин,Амалія,Григорівна,Жіноча,1950-10-11,Електрик,хутір Іршава,"сквер Черешнева, буд. 15, Бровари, 02612",055 326 29 31,rivanchenko@example.net
Яковенко,Леонтій,Богданович,Чоловіча,1975-12-16,Хореограф,селище Чернівці,"узвіз Університетський, буд. 712, Нова Каховка, 14113",+380 47 941-79-59,okseniiachubai@example.com
Шаблій,Ігор,Вікторович,Чоловіча,2007-03-23,Музичний редактор,село Хмельницький,"узвіз Митракова, буд. 7, Яготин, 93695",461-57-48,ivanalekseienko@example.net
Панчук,Аврелій,Григорович,Чоловіча,1958-01-21,Фізик,місто Болехів,"узвіз Краснослобідська, буд. 16, Малин, 89061",055-38-33,gkalenychenko@example.net
Ейбоженко,Володимир,Іванович,Чоловіча,1966-01-15,Ботанік,селище Залізне,"проспект Теофіла Фраєрмана, буд. 4, Ржищів, 11963",+380 67 431-11-83,wsych@example.org
Венгринович,Михайло,Анатолійович,Чоловіча,1964-01-27,Мовознавець,місто Дружківка,"шосе Спиридонівська, буд. 0 кв. 81, Бровари, 89417",049 81 96,wgereta@example.net
Литвиненко,Христина,Тарасівна,Жіноча,1983-03-28,Палеонтолог,хутір Красногорівка,"парк 3-тя Лінія 6-й ст. Люстдорфської дороги, буд. 730 кв. 854, Городище, 95994",+380 58 030-64-27,azhuk@example.net
Ґалаґан,Артем,Олександрович,Чоловіча,1946-12-28,Кінорежисер,село Світловодськ,"проспект Кредитний, буд. 3, Здолбунів, 42257",065 690-34-82,zdurdynets@example.net
Давимука,Леонтій,Григорович,Чоловіча,1957-11-29,Археолог,селище Липовець,"сквер Молокова, буд. 933 кв. 42, Новогродівка, 86922",+380 53 107-54-70,oksanakhudiak@example.net
Пилипенко,Петро,Олександрович,Чоловіча,1990-08-12,Бібліограф,хутір Турка,"парк Малинова, буд. 814, Саки, 70431",866 62 51,herman44@example.net
Девдюк,Емілія,Дмитрівна,Жіноча,1987-01-18,Кур'єр,село Кролевець,"проспект Селищна, буд. 9, Рава-Руська, 22813",+380 83 040 82 84,opanas73@example.org
Ващенко,Артем,Григорович,Чоловіча,1975-03-09,Реабілітолог,селище Берислав,"площа Венгера, буд. 52, Вугледар, 64138",019 840-27-00,fasaula@example.com
Приймак,Зорян,Григорович,Чоловіча,1995-10-01,Математик,село Благовіщенське,"набережна Ольги Благовидової, буд. 84, Перевальськ, 85672",295 82 62,amvrosii85@example.com
Онищенко,Кирило,Іванович,Чоловіча,1976-01-15,Астрофізик,хутір Добромиль,"набережна Донорська, буд. 03, Малин, 48957",+380 (30) 937-57-26,andreikoboryslav@example.org
Опанасенко,Ірена,Степанівна,Жіноча,1969-03-03,Акушер,хутір Сіверськодонецьк,"парк Бісквітний, буд. 2, Залізне, 01077",+380 23 422-00-72,priska56@example.com
Фесенко,Миколай,Дмитрович,Чоловіча,1992-01-11,Бізнесмен,селище Мена,"набережна Адміральський, буд. 16 кв. 52, Часів Яр, 99807",214 70 06,iatseniukbohuslava@example.com
Євдокименко,Демид,Андрійович,Чоловіча,1986-10-11,Льотчик,селище Дубровиця,"площа Басейний 1-й, буд. 755 кв. 64, Заліщики, 95972",079 316 79 57,xskoryk@example.net
Єрьоменко,Владислав,Михайлович,Чоловіча,1980-01-08,Професор,місто Севастополь,"шосе Хлібна гавань, буд. 0 кв. 62, Буринь, 85872",466 49 41,dannamasliak@example.net
Затовканюк,Венедикт,Олександрович,Чоловіча,2007-11-12,Геолог,село Самар,"проспект Задніпровського, буд. 20 кв. 369, Мена, 12856",+380 59 226 08 05,nzabara@example.net
Шахрай,Остап,Михайлович,Чоловіча,1992-06-28,Адвокат,селище Хутір-Михайлівський,"вулиця Преображенська, буд. 08, Біла Церква, 35038",034 701 94 34,aleksiichukorkhyp@example.net
Приймак,Стефан,Григорович,Чоловіча,1956-05-25,Астрофізик,хутір Гребінка,"узвіз Текстильників, буд. 4, Новояворівськ, 37127",+380 08 318 71 18,chuprynamykyta@example.com
Хомик,Петро,Петрович,Чоловіча,1986-12-12,Лікар,селище Хрестівка,"шосе Мала Садова, буд. 3 кв. 1, Зміїв, 64695",+380 13 600-08-81,datsiukhanna@example.net
Устенко,Альбіна,Олександрівна,Жіноча,2004-09-05,Сантехнік,хутір Тячів,"набережна Пересипська 10-та, буд. 845 кв. 2, Жданівка, 80121",052 462-19-88,vadymzhuk@example.org
Стельмах,Єфрем,Григорович,Чоловіча,1993-09-20,Дизайнер,місто Остер,"вулиця Вокзальна, буд. 316, Теплодар, 56416",+380 60 917 21 30,sofiiatokar@example.net
Власенко,Демʼян,Богданович,Чоловіча,1966-01-29,Бібліограф,селище Сколе,"шосе Грецька, буд. 9, Сміла, 05307",683-96-43,iurchenkoleonid@example.org
Юрченко,Дан,Павлович,Чоловіча,1977-11-17,Різноробочий,місто Добропілля,"узвіз Троїцька, буд. 5 кв. 06, Умань, 54589",004 935 91 34,omelianabramenko@example.org
Ісаєнко,Ярина,Сергіївна,Жіноча,2005-01-03,Прокурор,село Березне,"шосе Творча, буд. 70 кв. 82, Харцизьк, 36117",+380 47 160-65-55,stuszorian@example.com
Талан,Владислав,Миколайович,Чоловіча,1961-07-28,Електрослюсар,село Здолбунів,"площа Старобазарний, буд. 90 кв. 15, Кагарлик, 95633",023 251-40-45,pylyp32@example.org
Назаренко,Варфоломій,Анатолійович,Чоловіча,1948-04-03,Кухар,місто Бахмут,"вулиця Трудовий, буд. 32, Боково-Хрустальне, 48861",+380 78 084-02-24,niermolenko@example.com
Міщенко,Остап,Григорович,Чоловіча,1974-12-09,Мистецтвознавець,село Боярка,"шосе Любомира Гузара, буд. 81 кв. 276, Глухів, 14040",176 17 12,leontiihuzenko@example.net
Палій,Данило,Васильович,Чоловіча,1972-02-29,Художник,хутір Біла Церква,"парк Дур'янівський, буд. 863 кв. 068, Сколе, 96062",+380 (39) 775-57-18,mykyta22@example.com
Вдовиченко,Варвара,Василівна,Жіноча,1960-11-06,Клоун,хутір Лубни,"набережна Зелена балка, буд. 239, Ходорів, 91624",+380 10 692 75 79,prymachenkoprokhir@example.net
Колесниченко,Надія,Петрівна,Жіноча,1952-07-29,Географ,місто Берестечко,"провулок Шполянська, буд. 0, Сімферополь, 74647",+380 17 065-66-53,nmazepa@example.com
Твердохліб,Василина,Павлівна,Жіноча,1980-08-16,Дипломат,місто Українка,"шосе Евлії Челебі, буд. 9, Сімферополь, 22888",+380 67 414 58 58,aperebyinis@example.net
Стець,Марія,Григорівна,Жіноча,1956-07-03,Кіноактор,селище Макіївка,"узвіз Василя Симоненка, буд. 557 кв. 54, Рогатин, 21878",+380 77 361-87-89,vrudyk@example.com
Яремків,Еріка,Богданівна,Жіноча,1998-04-05,Пекар,селище Белз,"парк Братів Малакових, буд. 4 кв. 36, Івано-Франківськ, 93260",057 132 94 84,levkoivasiuk@example.org
Аверченко,Феофан,Михайлович,Чоловіча,1951-01-27,Програміст,село Балаклія,"сквер Андросовський, буд. 018, Почаїв, 61720",337 04 65,volodymyraisaienko@example.org
Кабалюк,Олекса,Володимирович,Чоловіча,2011-12-14,Пекар,місто Білицьке,"проспект Виїзна, буд. 9, Белз, 19494",168 92 19,rbaidak@example.net
Царенко,Лесь,Павлович,Чоловіча,1948-06-09,Вчитель,селище Авдіївка,"площа Берегова, буд. 6 кв. 9, Балта, 62465",097 19 26,hennadiiiermolenko@example.org
Кабалюк,Стефан,Богданович,Чоловіча,1958-09-15,Реставратор,селище Любомль,"сквер Пейзажна, буд. 13 кв. 7, Лебедин, 25871",068 972 55 38,vpylypenko@example.net
Дергач,Андрій,Вікторович,Чоловіча,1986-06-16,Електромонтер,село Звенигородка,"парк Грецька, буд. 10 кв. 12, Тернопіль, 92442",606 72 94,mykolai19@example.net
Кибкало,Єва,Григорівна,Жіноча,1983-04-17,Мірошник,село Вашківці,"сквер Олексіївська, буд. 8 кв. 726, Южне, 44957",+380 15 148-24-01,boryslav04@example.net
Онищенко,Семен,Тарасович,Чоловіча,2002-07-12,Лікар,місто Тетіїв,"площа Рабіна Іцхака, буд. 631, Рені, 18408",+380 16 529-49-78,edytazhadan@example.com
Товстуха,Юстим,Сергійович,Чоловіча,1963-01-22,Мовознавець,селище Звенигородка,"площа Фонтанська дорога, буд. 9, Винники, 80251",683-06-05,iurchyshynkhrystyna@example.org
Медведенко,Тарас,Михайлович,Чоловіча,1948-01-25,Бізнесмен,селище Олевськ,"сквер Джерельна, буд. 73, Ніжин, 95718",+380 20 986-52-57,priskaiarema@example.com
Сич,Гаврило,Анатолійович,Чоловіча,1976-10-04,Археолог,село Кам'янка (Черкаська область),"провулок Естонська, буд. 19 кв. 1, Соснівка, 11716",088 36 63,vermenychmarko@example.org
Усик,Ігнат,Богданович,Чоловіча,1977-12-28,Прокурор,село Перечин,"шосе Лінія 24-та, буд. 259 кв. 985, Гола Пристань, 88362",474-08-71,geruspanas@example.com
Усик,Богуслав,Юрійович,Чоловіча,1971-02-27,Композитор,село Великі Мости,"шосе Бучми, буд. 883, Галич, 11911",+380 (67) 028-50-30,larysa91@example.org
Вергун,Семен,Іванович,Чоловіча,1974-01-16,Паралегал,місто Люботин,"узвіз Лінія 52-га, буд. 33, Новий Калинів, 98715",811-57-89,dhuzenko@example.net
Гавриленко,Вадим,Петрович,Чоловіча,1975-02-28,М'ясник,село Буча,"площа Баринштейна, буд. 6, Ірміно, 14369",+380 41 168 88 49,bzubko@example.org
Ващенко-Захарченко,Віталій,Володимирович,Чоловіча,1948-05-15,Соціолог,хутір Гнівань,"вулиця Десята, буд. 8, Богуслав, 11291",+380 49 102 19 23,havrylo06@example.org
Євтушенко,Варвара,Дмитрівна,Жіноча,1947-11-10,Нотаріус,село Нетішин,"площа Морська, буд. 9, Хрестівка, 93826",016 736 18 19,ihor14@example.com
Христенко,Єлисавета,Григорівна,Жіноча,1999-01-02,Шериф,село Вашківці,"шосе Чернігівський, буд. 8, Теплодар, 94931",+380 80 271-14-42,bairakoleksandr@example.net
Баран,Олег,Андрійович,Чоловіча,1958-09-27,Соціолог,хутір Генічеськ,"шосе Зоопаркова, буд. 362, Світлодарськ, 90691",025 406-03-80,kpavlychenko@example.org
Притула,Гордій,Павлович,Чоловіча,1995-12-20,Стоматолог,місто Тлумач,"провулок 3-тя Лінія 6-й ст. Люстдорфської дороги, буд. 373 кв. 5, Сватове, 75287",069 786-79-13,piatachenkodan@example.com
Зарудна,Христина,Павлівна,Жіноча,1961-08-30,Психолог,селище Сіверськ,"площа Бодаревського, буд. 150, Бобринець, 48337",355-29-14,iaroslavashylo@example.net
Демиденко,Аніта,Анатоліївна,Жіноча,2004-01-21,Різноробочий,хутір Брянка,"провулок Дзвінка, буд. 66 кв. 29, Городенка, 30230",+380 (80) 857-35-25,andriihuzenko@example.net
Єременко,Марина,Миколаївна,Жіноча,1980-05-05,Кухар,село Чугуїв,"шосе Дігтярна, буд. 7, Сніжне, 12902",+380 (44) 106-67-51,ievhen87@example.org
Цибуленко,Вʼячеслав,Михайлович,Чоловіча,1954-05-27,Літературознавець,місто Городня,"узвіз Каретний, буд. 496 кв. 1, Гуляйполе, 80249",849-70-12,ihnat34@example.org
Гаврюшенко,Тимофій,Романович,Чоловіча,1959-09-09,Економіст,хутір Феодосія,"парк Миколи Гумільова, буд. 259, Рогатин, 28779",034 806 72 31,datsenkodaryna@example.com
Мазепа,Софія,Сергіївна,Жіноча,1974-02-04,Гірник,селище Бібрка,"узвіз Леоніда Осики, буд. 38 кв. 424, Попасна, 99473",612 39 43,hanna49@example.org
Яценко,Ілля,Степанович,Чоловіча,1977-08-08,Стиліст,місто Білгород-Дністровський,"парк Степна, буд. 18, Сіверськодонецьк, 52858",+380 59 054 22 94,onysym59@example.org
Данчук,Леопольд,Вікторович,Чоловіча,1967-02-02,Хореограф,селище Золоте,"провулок Штабний, буд. 8 кв. 3, Родинське, 64934",330-19-22,ihnat00@example.com
Вергун,Амвросій,Романович,Чоловіча,1978-09-05,Стропальник,хутір Красилів,"набережна Східчастий, буд. 11, Тетіїв, 58565",938 99 43,herman56@example.com
Ейбоженко,Феофан,Тарасович,Чоловіча,1979-02-23,Історик,хутір Біляївка,"площа Локомотивний 1-й, буд. 89 кв. 679, Підгородне, 31268",096 403-23-15,darynaasaula@example.org
Гречаник,Марко,Олександрович,Чоловіча,1952-09-08,Флорист,місто Кадіївка,"набережна Балтський 6-й, буд. 75, Зугрес, 58714",059 538-97-07,akymenkorostyslav@example.com
Бабʼяк,Омелян,Тарасович,Чоловіча,2004-11-26,Редактор,селище Херсон,"шосе 8-ма Лінія 6-й ст. Люстдорфської дороги, буд. 558, Гнівань, 59268",+380 54 458 87 01,odarka13@example.com
Самойленко,Оксенія,Романівна,Жіноча,2001-05-18,Стиліст,хутір Ковель,"площа Радіо, буд. 0, Залізне, 22479",001 12 25,leontii54@example.com
Бгиденко,Азар,Олексійович,Чоловіча,1960-05-18,Няня,селище Керч,"шосе Майстерний, буд. 17, Великі Мости, 05147",088 525-72-53,viktor14@example.com
Стус,Пріска,Миколаївна,Жіноча,1967-01-24,Візажист,місто Білопілля,"площа Головківська, буд. 1, Білогірськ, 50276",+380 (99) 624-25-15,oleksa68@example.org
Андрусенко,Лукʼян,Павлович,Чоловіча,1947-09-06,Підприємець,місто Ромни,"сквер Лінія 32-га, буд. 8, Бердичів, 71224",882 00 16,tymofii71@example.com
Фастенко,Мирон,Петрович,Чоловіча,1996-08-26,Кушнір,селище Берислав,"вулиця 8-ма Лінія Дачі Ковалевського, буд. 05 кв. 29, Вишгород, 61642",+380 (62) 254-24-75,lazarenkoada@example.org
Гриценко,Едита,Богданівна,Жіноча,2000-06-09,Актор,хутір Кам'янка-Бузька,"парк Чорноморський 11-й, буд. 907, Перечин, 26831",+380 45 670 23 70,friabets@example.com
Гуцуляк,Микита,Вікторович,Чоловіча,1994-09-29,Агроном,хутір Вінниця,"проспект Аеропортівський 2-й, буд. 024, Рахів, 93860",055 154 67 91,utymchenko@example.net
Перепелиця,Опанас,Дмитрович,Чоловіча,1968-07-14,Кінолог,селище Боярка,"площа Проектований 3-й, буд. 43 кв. 53, Красноперекопськ, 49627",894 67 45,ibabii@example.com
Дейнеко,Віктор,Сергійович,Чоловіча,1990-06-02,Ботанік,хутір Славута,"площа Злакова, буд. 76 кв. 33, Кремінна, 15052",+380 32 959 48 18,bkomar@example.org
Проценко,Емілія,Григорівна,Жіноча,2010-07-30,Медик,місто Олександрівськ,"шосе Джинестрівська, буд. 99, Попасна, 91742",008 110 87 40,pavlykbohuslav@example.com
Даценко,Клавдія,Петрівна,Жіноча,1995-06-20,Біолог,селище Корсунь-Шевченківський,"проспект Парашутний, буд. 09 кв. 72, Миколаївка, 55457",492 65 55,yivanenko@example.net
Носенко,Одарка,Богданівна,Жіноча,1992-05-12,Астрофізик,селище Кролевець,"площа Аграрна, буд. 8, Вижниця, 67343",+380 15 308-60-41,artemkaras@example.net
Дутка,Єлисей,Тарасович,Чоловіча,2003-03-21,Графік,селище Новий Калинів,"площа Марсельська, буд. 97 кв. 64, Волноваха, 16475",611 75 13,fedirzabara@example.org
Ільченко,Панас,Петрович,Чоловіча,1977-10-10,Електрослюсар,місто Кіцмань,"проспект Бернардацці, буд. 723 кв. 11, Іллінці, 91928",+380 06 401 98 71,hsvyrydenko@example.com
Базилевич,Юстим,Олексійович,Чоловіча,1961-01-18,Головний меркшейдер,хутір Дебальцеве,"вулиця Слов'янська, буд. 20, Приморськ, 24935",+380 25 161 00 04,ihnat41@example.net
Кибкало,Емілія,Іванівна,Жіноча,1985-12-07,Гицель,селище Рогатин,"проспект Західний 2-й, буд. 789, Запоріжжя, 90823",+380 (29) 047-35-23,liubovvasylechko@example.org
Цимбалюк,Златослава,Миколаївна,Жіноча,1989-06-02,Хімік,місто Сарни,"провулок Амундсена, 2-й, буд. 95 кв. 830, Хотин, 76174",+380 (18) 496-62-84,trokhymtiahnybok@example.com
Романчук,Григорій,Вікторович,Чоловіча,1947-07-16,Кінорежисер,місто Костянтинівка,"вулиця Кільцева, буд. 7 кв. 0, Заліщики, 93306",+380 24 917-90-81,nosenkohavrylo@example.com
Романчук,Едита,Іванівна,Жіноча,1964-12-31,Ріелтор,хутір Тетіїв,"набережна Проценка, буд. 03, Буча, 67452",+380 06 198-41-49,orest19@example.net
Девдюк,Сніжана,Романівна,Жіноча,1950-01-27,Сантехнік,селище Гадяч,"сквер Нафтовиків, буд. 6 кв. 780, Гайсин, 49582",584 44 89,xatamaniuk@example.org
Василевич,Федір,Богданович,Чоловіча,1985-11-13,Бізнесмен,хутір Таврійськ,"шосе Решата Аметова, буд. 58, Мар'їнка, 18799",655 97 47,tymchenkoalla@example.net
Піддубна,Камілла,Василівна,Жіноча,1976-06-19,Ветеринар,місто Вуглегірськ,"сквер Офіцерський 2-й, буд. 7, Кіцмань, 63465",887 35 53,iosyptychyna@example.net
Пелех,Володимира,Миколаївна,Жіноча,1956-03-22,Географ,селище Нова Одеса,"проспект Український 2-й, буд. 057, Волочиськ, 21768",017 251-71-37,hordii38@example.net
Вишняк,Болеслав,Володимирович,Чоловіча,1967-08-10,Менеджер,місто Дергачі,"проспект Дідріхсона, буд. 3 кв. 3, Мена, 51029",+380 (72) 224-06-61,fprykhodko@example.com
Деркач,Давид,Андрійович,Чоловіча,1962-03-10,Драматург,село Кипуче,"проспект Кришталева, буд. 824, Почаїв, 44135",+380 16 173-99-95,oleh02@example.com
Гаєвська,Оксенія,Петрівна,Жіноча,1968-10-05,Випробувач,село Ізяслав,"сквер Дорожня, буд. 239 кв. 57, Городище, 39652",+380 96 031-77-46,rhrechko@example.org
Ґерус,Одарка,Михайлівна,Жіноча,1991-02-21,Секретар,селище Єнакієве,"проспект Спиридонівська, буд. 226, Покров, 46768",+380 08 375 30 00,viacheslavbaidak@example.net
Мірошниченко,Едуард,Іванович,Чоловіча,1953-12-11,Прокурор,селище Деражня,"шосе Долинська, буд. 325, Нетішин, 86707",+380 57 773 02 27,baidakkhoma@example.net
Цюцюра,Анжела,Олексіївна,Жіноча,1946-12-16,Палеонтолог,селище Київ,"узвіз Мигдальна, буд. 5 кв. 8, Городок, 64866",+380 88 214 87 00,stepanizhak@example.net
Редько,Марина,Михайлівна,Жіноча,2004-12-20,Електротехнік,село Ялта,"сквер 14-та ст. Великого Фонтану пляж, буд. 783, Хорол, 70241",028 354 39 79,petro03@example.com
Супруненко,Сніжана,Юріївна,Жіноча,1957-01-31,Лікар,хутір Звенигородка,"парк Бузкова, буд. 72, Харків, 89733",+380 39 757 80 34,tlysenko@example.com
Лесик,Арсен,Миколайович,Чоловіча,1993-05-24,Музикознавець,місто Сіверськ,"узвіз Трудовий, буд. 52, Миргород, 03309",+380 (97) 890-28-25,stanislavteslia@example.com
Пелех,Василь,Анатолійович,Чоловіча,2005-07-05,Кушнір,місто Путивль,"проспект Житомирська, буд. 845, Конотоп, 73775",+380 45 114-96-30,ruslanperepelytsia@example.net
Мазур,Сніжана,Олексіївна,Жіноча,1998-11-18,Дерун,хутір Алчевськ,"площа Лиманчик 2-й Лінія 8-ма, буд. 32, Бахчисарай, 72301",073 039 80 62,makar69@example.net
Євтушок,Іван,Дмитрович,Чоловіча,2005-07-14,Етнограф,місто Монастирище,"провулок Кастуся Калиновського, буд. 564 кв. 3, Кам'янка-Бузька, 42628",+380 67 724-12-13,ovasylevych@example.org
Бандурка,Софія,Михайлівна,Жіноча,1999-06-10,Парфюмер,селище Гуляйполе,"набережна Керченський 3-й, буд. 2, Жовква, 95141",055 529 32 19,anitadubas@example.net
Авраменко,Ольга,Степанівна,Жіноча,1948-03-07,Складальник,місто Переяслав,"шосе Павла Зеленого, буд. 007, Барвінкове, 36672",060 052 52 79,nkadeniuk@example.net
Олійник,Борислав,Сергійович,Чоловіча,1966-01-04,Музичний редактор,селище Яготин,"сквер Моторний 2-й, буд. 0 кв. 311, Пологи, 91399",081 288 29 69,havrylenkoklavdiia@example.org
Ященко,Соломія,Юріївна,Жіноча,1978-06-16,Геофізик,місто Конотоп,"провулок Хотинський, буд. 16, Дубно, 58403",+380 29 533 63 87,hennadiikybkalo@example.com
Піддубний,Устим,Богданович,Чоловіча,1955-12-13,Мовознавець,хутір Слов'янськ,"проспект 3-тя Лінія 4-ї ст. Люстдорфської дороги, буд. 678 кв. 60, Лебедин, 90028",+380 (47) 988-25-23,babiichukanita@example.org
Лесик,Алла,Сергіївна,Жіноча,1971-05-19,Швачка,хутір Підгородне,"вулиця Грецький, буд. 1 кв. 66, Лохвиця, 95604",063-44-04,klavdiia56@example.org
Адаменко,Данна,Михайлівна,Жіноча,1994-05-02,Підприємець,місто Ямпіль,"набережна Зарічна, буд. 869, Селидове, 33524",008 847-80-77,radchenkoherman@example.org
Василевич,Амвросій,Павлович,Чоловіча,1960-11-23,Намотувальник,місто Бершадь,"набережна Глаубермана, буд. 6, Дергачі, 09765",894-78-52,vhrechanyk@example.org
Колесниченко,Клавдія,Сергіївна,Жіноча,1953-02-05,Державний службовець,хутір Батурин,"вулиця 5-та Лінія Марії Демченко, буд. 2 кв. 476, Ялта, 50715",475-42-99,artymavrelii@example.org
Лазаренко,Данило,Дмитрович,Чоловіча,1979-11-16,Державний службовець,селище Чигирин,"вулиця Академіка Сахарова, буд. 9 кв. 772, Тульчин, 68292",067 680-50-86,tereza17@example.net
Бандура,Амалія,Вікторівна,Жіноча,1981-12-17,Водій,селище Зіньків,"вулиця Канатний, буд. 9, Радивилів, 14038",012 574-18-45,boryslavkopytko@example.org
Їжак,Василь,Вікторович,Чоловіча,1964-12-22,Програміст,селище Одеса,"парк Посівна, буд. 9 кв. 5, Решетилівка, 83191",+380 08 375 20 60,okhrymovychnataliia@example.com
Ірванець,Симон,Васильович,Чоловіча,1977-12-14,Педагог,селище Глиняни,"провулок Дельфін, буд. 078 кв. 3, Новомиргород, 48577",+380 30 080 85 50,arsenbaran@example.com
Шеремета,Лесь,Олексійович,Чоловіча,1999-01-15,Публіцист,місто Хуст,"узвіз Бандурний, буд. 41, Бар, 35318",+380 (11) 211-01-89,drozdpylyp@example.org
Сиротенко,Златослава,Дмитрівна,Жіноча,2008-09-17,Парфюмер,селище Миколаїв,"узвіз Обільний 2-й, буд. 688, Глухів, 83722",+380 99 490 26 50,kamilladavydenko@example.com
Бабко,Ярослава,Сергіївна,Жіноча,1972-08-02,Складальник,селище Шумськ,"набережна Василя Симоненка, буд. 113 кв. 31, Бар, 25098",037 022 63 97,rostyslav84@example.org
Вертипорох,Олесь,Олександрович,Чоловіча,1993-06-10,Публіцист,хутір Миронівка,"узвіз Гранатний, буд. 6 кв. 465, Гнівань, 05745",706-39-96,haidamarko@example.com
Щириця,Мілена,Іванівна,Жіноча,1991-03-23,Слідчий,селище Мерефа,"проспект Одеса-Головна, буд. 802 кв. 6, Трускавець, 26566",+380 44 988 52 35,hvashchenko@example.net
Гаврилишина,Клавдія,Володимирівна,Жіноча,1984-04-25,Промисловець,село Козятин,"провулок Лінія 44-та, буд. 7 кв. 963, Очаків, 16003",+380 25 868-54-30,erika48@example.com
Алексійчук,Варвара,Іванівна,Жіноча,1989-06-22,Головний меркшейдер,селище Чернівці,"вулиця Василя Симоненка, буд. 1, Мала Виска, 41952",009 520-34-15,viktor08@example.com
Девдюк,Людмила,Миколаївна,Жіноча,1998-10-18,Археолог,хутір Буськ,"вулиця Закарпатська, буд. 32, Буча, 65702",+380 64 313-02-92,lbevz@example.org
Медведенко,Еріка,Вікторівна,Жіноча,2007-11-13,Філолог,село Бучач,"узвіз Юхима Фесенка, буд. 14 кв. 43, Кадіївка, 62250",172-23-73,amaliiaviter@example.org
Дутка,Яків,Богданович,Чоловіча,1956-06-07,Геофізик,селище Василівка,"узвіз Вапняне селище, буд. 598, Дубляни, 12274",431 23 51,varvaradrozdenko@example.net
Гайденко,Давид,Олексійович,Чоловіча,1984-08-04,Гірничий інженер,хутір Зимогір'я,"парк Крижанівський, буд. 2 кв. 951, Бровари, 76685",+380 54 824-88-02,fdavydenko@example.com
Бараник,Альбіна,Тарасівна,Жіноча,1989-10-24,Геолог,село Ясинувата,"провулок Свободи, буд. 32 кв. 72, Луцьк, 40078",+380 25 248-99-16,ateslenko@example.org
Литвин,Василина,Вікторівна,Жіноча,2008-11-11,Режисер,хутір Сватове,"узвіз 1-й Академічний тупик, буд. 199 кв. 23, Решетилівка, 01581",877-70-10,zhukbohodar@example.com
Єременко,Нестор,Григорович,Чоловіча,2006-10-19,Кухар,хутір Нове Давидково,"парк Новаторів, буд. 30, Ізяслав, 20475",+380 27 311-54-36,danyliukmarusia@example.org
Юхименко,Веніямин,Дмитрович,Чоловіча,1963-09-28,Маркетолог,селище Чистякове,"проспект Персикова, буд. 79 кв. 927, Валки, 38726",+380 87 671 89 88,iaroslavaartymovych@example.com
Черінько,Григорій,Дмитрович,Чоловіча,1995-05-22,Кушнір,село Городище,"площа Будівельний, буд. 00 кв. 4, Рахів, 32598",045 133-05-17,odarka98@example.net
Луценко,Герман,Васильович,Чоловіча,1996-12-28,Стропальник,хутір Прип'ять,"парк Ярослава Баїса, буд. 6, Вараш, 22142",084 291-07-21,olhaaverchenko@example.net
Єсипенко,Єлисей,Павлович,Чоловіча,1962-04-30,Бухгалтер,село Тлумач,"набережна Поштовий, буд. 34 кв. 338, Богуслав, 32902",941-38-56,iashchukadam@example.org
Годунок,Макар,Тарасович,Чоловіча,2011-12-19,Паблік рилейшнз,місто Устилуг,"провулок Ботанічний, буд. 39 кв. 984, Мелітополь, 31578",+380 71 416-34-43,leopold99@example.com
Засуха,Геннадій,Васильович,Чоловіча,1981-03-06,Прокурор,хутір Миргород,"сквер 40-річчя оборони Одеси, буд. 0, Снігурівка, 08930",+380 21 351-69-43,sdutka@example.net
Вдовенко,Миколай,Володимирович,Чоловіча,1999-01-21,Акушер,селище Татарбунари,"парк Лінія 50-та, буд. 58 кв. 244, Глобине, 78719",023 655 43 13,ielysei10@example.net
Цюцюра,Віолетта,Романівна,Жіноча,1946-02-11,Педагог,селище Дружківка,"набережна Романтиків, буд. 114, Багачеве, 23073",066 746-49-70,chervonenkovarfolomii@example.net
Гайдабура,Богданна,Анатоліївна,Жіноча,2001-07-29,Мікробіолог,село Волноваха,"парк Підйомний, буд. 7 кв. 270, Ірміно, 27085",327 68 55,cshyian@example.net
Іванченко,Варвара,Миколаївна,Жіноча,1995-07-28,Реставратор,місто Бучач,"сквер Мацієвської узвіз, буд. 5 кв. 91, Хуст, 37023",+380 73 622-65-32,ypelekh@example.com
Василевич,Пріска,Анатоліївна,Жіноча,2009-05-10,Ріелтор,хутір Кальміуське,"вулиця Юннатів, буд. 095 кв. 27, Тернівка, 77049",+380 41 463 13 37,tdankiv@example.net
Вдовиченко,Наталія,Володимирівна,Жіноча,1992-05-14,Музикознавець,селище Корюківка,"парк 19-й км Старокиївської дороги, буд. 2, Золочів, 45994",+380 (06) 772-29-91,mariiamazepa@example.com
Верес,Леонід,Сергійович,Чоловіча,2008-01-29,Гицель,місто Чуднів,"площа Карпатська, буд. 185 кв. 842, Інкерман, 55372",+380 (23) 180-55-62,liliiagerega@example.org
Приходько,Марія,Михайлівна,Жіноча,1979-04-07,Професор,село Ромни,"узвіз Виноградний тупик, буд. 539, Нова Одеса, 21671",085 741 70 90,hukmaryna@example.org
Карпенко,Богдан,Олександрович,Чоловіча,1949-02-22,Композитор,місто Богуслав,"узвіз Деревообробний 3-й, буд. 125 кв. 965, Львів, 85904",+380 (08) 538-45-22,lvanchenko@example.org
Чумаченко,Теодор,Володимирович,Чоловіча,1955-01-14,Гірничий інженер,місто Могилів-Подільський,"площа Лавкова, буд. 1, Кадіївка, 76389",+380 (10) 709-64-56,olha56@example.com
Кармалюк,Августин,Михайлович,Чоловіча,1953-08-31,Парфюмер,селище Щастя,"сквер Панаса Саксаганського, буд. 799 кв. 010, Інкерман, 82506",004 382 48 99,martyn96@example.net
Юрченко,Єва,Романівна,Жіноча,1961-03-30,Євнух,хутір Звенигородка,"сквер Контрадмірала Остроградського, буд. 785 кв. 74, Кам'янка-Бузька, 44594",+380 (97) 872-11-37,bivashchenko@example.org
Архимович,Олена,Василівна,Жіноча,1960-12-03,Гірничий інженер,село Золочів,"проспект 14-та Лінія 6-й ст. Люстдорфської дороги, буд. 747 кв. 7, Верхівцеве, 90286",+380 (77) 697-81-64,teodorhuk@example.net
Дейнеко,Євген,Васильович,Чоловіча,1985-07-10,Драматург,хутір Борзна,"вулиця 16-та Лінія 6-й ст. Люстдорфської дороги, буд. 03, Південне, 12268",101 76 99,wsheremeta@example.com
Захаренко,Степан,Олександрович,Чоловіча,2003-05-19,Громадський діяч,село Тетіїв,"шосе Петра Болбочана, буд. 810 кв. 668, Обухів, 31918",037 147 56 68,lbaranets@example.com
Зарудна,Ірина,Миколаївна,Жіноча,1994-05-26,Соціолог,місто Ужгород,"узвіз Мариністів, буд. 197 кв. 1, Добромиль, 72752",+380 40 332-51-33,tvasylechko@example.net
Забіла,Еріка,Павлівна,Жіноча,1979-10-12,Детектив,селище Олександрівськ,"сквер Лінія 35-та, буд. 7, Болехів, 10240",+380 12 405-53-72,myroslav55@example.com
Удовиченко,Світлана,Сергіївна,Жіноча,1999-09-03,Льотчик,місто Самбір,"парк Літня, буд. 23 кв. 057, Слов'янськ, 56508",+380 32 453 32 97,rostyslavdubas@example.net
Царенко,Віктор,Петрович,Чоловіча,1960-08-27,Пекар,селище Красногорівка,"шосе Василя Фащенка, буд. 9, Галич, 55430",+380 61 320-71-25,terezamazepa@example.com
Радченко,Дан,Григорович,Чоловіча,1949-04-28,Прокурор,хутір Кобеляки,"набережна Саймона Літмана, буд. 2, Іллінці, 29699",+380 80 538-44-01,boryslav40@example.com
Талан,Віктор,Богданович,Чоловіча,1955-04-26,Пекар,хутір Українка,"вулиця Рибальська балка, буд. 6 кв. 833, Харків, 66695",+380 10 251-58-07,waverchenko@example.org
Михайличенко,Ірена,Олександрівна,Жіноча,1980-09-17,Скульптор,хутір Буча,"набережна Парусна, буд. 701 кв. 2, Краматорськ, 09175",+380 82 482-26-98,kadeniukdemian@example.net
Павлик,Охрім,Вікторович,Чоловіча,1972-11-10,Археолог,місто Христинівка,"вулиця Поліська, буд. 4 кв. 9, Рожище, 62294",+380 64 793-41-09,czaiets@example.net
Заєць,Климент,Тарасович,Чоловіча,1977-03-06,Піаніст,місто Новогродівка,"проспект Лодочний, буд. 708, Бердянськ, 95130",+380 79 856-20-71,babiiiosyp@example.net
Ребрик,Алла,Андріївна,Жіноча,1968-07-20,Кінорежисер,селище Березань,"шосе Юннатів 3-й, буд. 673, Христинівка, 01901",908 05 66,adamartym@example.net
Сірченко,Петро,Степанович,Чоловіча,2011-02-13,Фермер,хутір Новомиргород,"сквер Поперечний, буд. 79 кв. 782, Новоселиця, 47610",083 116 96 05,khmarateodor@example.net
Хмара,Максим,Павлович,Чоловіча,1979-03-24,Медик,селище Луганськ,"узвіз Нафтовиків 1-й, буд. 6 кв. 63, Вугледар, 26594",+380 01 733-45-60,stanislavabramenko@example.org
Рак,Оксана,Іванівна,Жіноча,1985-01-21,Фізик,селище Пирятин,"проспект Учнівська, буд. 6, Хуст, 01270",071 12 73,vtereshchuk@example.net
Рубан,Вікторія,Іванівна,Жіноча,1956-05-19,Сантехнік,хутір Володимир-Волинський,"проспект Симфонічна, буд. 0 кв. 89, Конотоп, 24940",+380 (83) 802-45-69,snizhanavanchenko@example.net
Чала,Світлана,Василівна,Жіноча,1981-10-09,Кінорежисер,село Шостка,"шосе Абрикосовий, буд. 80, Бахмут, 94377",565-69-42,ftsybulenko@example.com
Єрмоленко,Тарас,Богданович,Чоловіча,1974-09-08,Бізнесмен,село Синельникове,"сквер Канатний, буд. 4 кв. 2, Вишгород, 40959",+380 24 784-30-30,okhrimriaboshapka@example.net
Вдовенко,Василь,Васильович,Чоловіча,1983-10-23,Вчитель,село Вознесенськ,"шосе Олександра Ройтбурда, буд. 48 кв. 54, Сторожинець, 38680",+380 60 789 75 63,kamillaopanasenko@example.com
Жарко,Давид,Олександрович,Чоловіча,2009-01-15,Паралегал,місто Гребінка,"сквер Наявний 2-й, буд. 03 кв. 318, Тисмениця, 58733",+380 01 990-86-72,vlokhrozaliia@example.com
Сімашкевич,Гордій,Миколайович,Чоловіча,1973-07-01,Доцент,село Білозерське,"площа Кипарисний 1-й, буд. 83, Болград, 79719",+380 (44) 142-08-05,iemelianenkooles@example.org
Устенко,Павло,Вікторович,Чоловіча,1968-07-29,Єгер,хутір Каховка,"набережна Студена, буд. 29 кв. 317, Чернівці, 97089",+380 (38) 261-47-77,jiukhymenko@example.com
Асаула,Мілена,Павлівна,Жіноча,1970-01-02,Фармацевт,село Мена,"набережна Василя Данилевича, буд. 599, Подільськ, 62367",+380 47 075 01 26,martynkalchenko@example.org
Саченко,Олесь,Васильович,Чоловіча,1948-06-12,Художник,село Почаїв,"парк Вапняне селище, буд. 4 кв. 68, Хуст, 26698",+380 65 260-60-14,riaboshapkaivan@example.com
Ткаченко,Альберт,Тарасович,Чоловіча,1952-03-29,Електротехнік,селище Калинівка,"вулиця Дюківська, буд. 4, Старобільськ, 15882",023 480-28-12,viktor84@example.net
Михайличенко,Едита,Вікторівна,Жіноча,1989-07-17,Композитор,місто Мерефа,"парк Андрія Музичка, буд. 89 кв. 052, Тростянець, 72600",+380 46 652 36 47,atroshchenkomykyta@example.com
Вакуленко,Наталія,Іванівна,Жіноча,1999-07-28,Державний службовець,місто Гірське,"набережна Амбулаторний 2-й, буд. 44 кв. 802, Зміїв, 26571",014 498-80-39,mtelizhenko@example.com
Христич,Василь,Тарасович,Чоловіча,1976-11-25,Кінорежисер,селище Рава-Руська,"сквер Кишинівська, буд. 81 кв. 941, Новий Буг, 60981",037 070-66-87,iosyppetrenko@example.com
Цушко,Зиновій,Володимирович,Чоловіча,1953-02-24,Перекладач,хутір Торецьк,"проспект Композитора Вербицького, буд. 23 кв. 75, Вараш, 22989",+380 40 342-40-26,vhavrysh@example.org
Матяш,Климент,Володимирович,Чоловіча,2006-10-11,Патологоанатом,хутір Іловайськ,"вулиця Музична, буд. 981, Верхньодніпровськ, 65849",+380 50 996-08-86,iosyp13@example.net
Зубко,Болеслав,Михайлович,Чоловіча,1980-09-24,Кінолог,селище Ічня,"площа 13-та ст. Великого Фонтану пляж, буд. 00 кв. 0, Чуднів, 34606",528 67 43,shamraimarko@example.net
Дзиндра,Іван,Васильович,Чоловіча,2005-10-19,Льотчик,село Синельникове,"парк Сєрогодського, буд. 23 кв. 450, Бережани, 44166",+380 83 017-87-99,bohuslava97@example.com
Джунь,Станіслав,Михайлович,Чоловіча,1952-04-07,Краєзнавець,селище Соледар,"провулок 11-ша Лінія 6-й ст. Люстдорфської дороги, буд. 7, Прип'ять, 25777",+380 45 945-43-82,azarstus@example.net
Бандурка,Єлисей,Андрійович,Чоловіча,1988-06-24,Золотар,селище Ходорів,"парк Заньковецької, буд. 3, Глухів, 97617",+380 43 617 89 41,nadiiavakulenko@example.org
Іщенко,Анастасія,Григорівна,Жіноча,1969-10-01,Піаніст,селище Белз,"площа Контрадмірала Остроградського, буд. 2 кв. 5, Кадіївка, 40388",099 847 62 80,valerii22@example.com
Артюшенко,Леопольд,Михайлович,Чоловіча,2007-06-25,Композитор,село Обухів,"площа Ждахи, буд. 33 кв. 70, Севастополь, 29078",+380 28 966-18-08,tokarivan@example.org
Байрак,Хома,Вікторович,Чоловіча,1967-02-12,Нотаріус,місто Бурштин,"площа Зелена балка, буд. 03, Сімферополь, 18470",+380 56 605-78-63,npavlychenko@example.com
Деркач,Мартин,Григорович,Чоловіча,1967-10-31,Паралегал,село Галич,"проспект Академіка Липського, буд. 68, Ківерці, 37532",722 06 72,danylobabko@example.com
Шаблій,Веніямин,Олексійович,Чоловіча,1986-03-03,Кінорежисер,село Ясинувата,"шосе Дунайська, буд. 925 кв. 984, Калинівка, 04879",070 179 23 67,iakiv04@example.com
Охримович,Амвросій,Михайлович,Чоловіча,1947-09-22,Мірошник,селище Бережани,"набережна Ольгіївський узвіз, буд. 6 кв. 535, Самар, 81847",618-06-10,teodor10@example.com
Ільченко,Назар,Михайлович,Чоловіча,2010-07-26,Доцент,селище Золоте,"шосе Професора Коровицького, буд. 86 кв. 5, Зоринськ, 68510",807 15 47,anitamalyk@example.net
Ейбоженко,Адам,Васильович,Чоловіча,2000-04-03,Письменник,селище Сокологірськ,"провулок Проїзний 2-й, буд. 437, Білозерське, 03516",045 974 50 71,vnestaiko@example.org
Гоголь-Яновський,Альберт,Олександрович,Чоловіча,1991-10-13,Маркетолог,місто Гайсин,"площа Бітумна, буд. 5, Хотин, 57090",667-04-76,iurchukostap@example.com
Башполченко,Амалія,Олександрівна,Жіноча,2010-07-02,Конструктор,місто Кіцмань,"вулиця Траса Здоров'я, буд. 15, Трускавець, 72002",001 934-17-51,bebeshkovarfolomii@example.com
Чорновіл,Левко,Богданович,Чоловіча,1995-06-19,Програміст,село Кам'янське,"проспект Каретний, буд. 253, Селидове, 33818",082 583 62 90,vfartushniak@example.org
Шведченко,Тарас,Богданович,Чоловіча,1973-05-22,Епідеміолог,місто Трускавець,"проспект Олександра Юрженка, буд. 99 кв. 503, Новогродівка, 11435",+380 (67) 123-96-55,pivanenko@example.net
Мірошниченко,Галина,Павлівна,Жіноча,1999-09-11,Золотар,місто Здолбунів,"проспект Херсонський, буд. 506 кв. 6, Корець, 84543",+380 80 865 95 15,erika99@example.org
Свистун,Устим,Олексійович,Чоловіча,1951-02-15,Шериф,хутір Краматорськ,"шосе Профспілкова, буд. 725, Інкерман, 10172",513 95 87,pavloiesypenko@example.com
Деревʼянко,Амвросій,Володимирович,Чоловіча,2000-11-24,Секретар,місто Трускавець,"парк Климовича, буд. 8, Стрий, 11129",807-40-56,cherednykklavdiia@example.com
Петренко,Еріка,Олександрівна,Жіноча,1969-03-04,Візажист,селище П'ятихатки,"узвіз Кодимський, буд. 54, Шумськ, 87923",+380 64 312-72-57,kalchenkobohuslav@example.com
Влох,Пармен,Тарасович,Чоловіча,1969-07-25,Детектив,село Перемишляни,"сквер Військовий узвіз, буд. 393, Дубно, 59260",059-22-23,marta96@example.net
Христич,Юстина,Іванівна,Жіноча,2000-01-04,Менеджер,хутір Малин,"парк 19-й км Старокиївської дороги, буд. 680, Кипуче, 76936",120-52-83,tymofiiiemets@example.net
Заїка,Климент,Богданович,Чоловіча,2011-10-16,Кушнір,місто Гайсин,"шосе Газова, буд. 2, Васильків, 35430",429-72-71,daleksiuk@example.net
Єсипенко,Максим,Юрійович,Чоловіча,1964-04-12,Лікар,селище Миронівка,"проспект Тещин міст, буд. 928 кв. 07, Пустомити, 55928",+380 27 291-76-67,oksanatereshchuk@example.com
Шеремета,Алла,Романівна,Жіноча,1983-03-29,Актор,село Дебальцеве,"сквер Лодочний, буд. 61 кв. 327, Городище, 69434",+380 57 003-30-47,mykhailyna32@example.org
Захарченко,Володимир,Степанович,Чоловіча,1994-07-25,Гірничий інженер,хутір Шепетівка,"парк Набережна, буд. 982 кв. 264, Лебедин, 66838",026 502 38 22,ielyseibabiak@example.org
Журавель,Юстина,Володимирівна,Жіноча,2011-02-03,Маркетолог,селище Глобине,"парк Ремонтна, буд. 5 кв. 77, Городенка, 87398",+380 75 077 36 89,boleslav82@example.net
Полтавець,Тетяна,Юріївна,Жіноча,2005-03-26,Епідеміолог,місто Кипуче,"парк Трамвайний, буд. 778, Лозова, 59795",035 471 06 45,emykhailiuk@example.org
Сіробаба,Мирослав,Степанович,Чоловіча,1970-01-06,Електрик,селище Дубно,"вулиця Трамвайний, буд. 68, Моршин, 85078",072 452 26 98,mykhailynatytarenko@example.org
Чекалюк,Артем,Григорович,Чоловіча,1966-10-03,Електрик,село Ровеньки,"проспект Окружна, буд. 591 кв. 05, Заставна, 46881",+380 (97) 518-16-57,vchalenko@example.org
Шеремета,Анастасія,Анатоліївна,Жіноча,1988-01-09,Співак,селище Чистякове,"проспект Квітнева, буд. 55 кв. 83, Моршин, 05577",+380 90 908 97 49,oksana11@example.com
Іващенко,Вадим,Дмитрович,Чоловіча,1958-07-19,Стоматолог,село Глобине,"узвіз Лазурний 6-й, буд. 170, Хуст, 84943",+380 76 088 14 60,varvarashutko@example.org
Ващенко-Захарченко,Леон,Васильович,Чоловіча,1999-01-03,Кур'єр,селище Кадіївка,"площа Михайла Жука, буд. 430, Хуст, 13143",+380 59 573 17 85,valerii42@example.org
Ільєнко,Дан,Вікторович,Чоловіча,1995-10-08,Петрограф,село Донецьк,"площа Миколи Троїцького, буд. 04 кв. 73, Олександрія, 28883",+380 79 145-33-60,kartiushenko@example.org
Дзиндра,Валерій,Олексійович,Чоловіча,1977-02-06,Гицель,село Ананьїв,"узвіз Краснослобідська, буд. 487 кв. 136, Судак, 74805",016 646-08-85,orestvatamaniuk@example.net
Зінкевич,Клавдія,Іванівна,Жіноча,1957-11-11,Бібліотекар,село Ворожба,"вулиця Серединський, буд. 69 кв. 5, Дубляни, 82758",+380 (40) 780-73-03,copanasenko@example.org
Хоменко,Емілія,Анатоліївна,Жіноча,1991-09-01,Золотар,селище Енергодар,"провулок Менделе Сфоріма, буд. 16 кв. 5, Гуляйполе, 22428",+380 22 165-70-93,spasshamrai@example.org
Ґоляш,Емілія,Михайлівна,Жіноча,2001-08-05,Бібліограф,хутір Баштанка,"сквер 10-та Лінія 6-й ст. Люстдорфської дороги, буд. 089, Підгайці, 37699",+380 16 265-73-89,olehduplii@example.com
Михайлюк,Ярема,Іванович,Чоловіча,1995-05-18,Круп'є,селище Дунаївці,"сквер Хімічний 3-й, буд. 2, Рівне, 70627",025 923 89 90,karpenkoielysei@example.org
Фастенко,Одарка,Володимирівна,Жіноча,1989-11-25,Машиніст,селище Болехів,"вулиця Грузинська, буд. 412, Тульчин, 05822",+380 77 990 81 91,lazarenkooleksa@example.net
Артюх,Орина,Дмитрівна,Жіноча,1975-07-07,Диригент,хутір Старокостянтинів,"шосе Павла Чубинського, буд. 7 кв. 45, Корсунь-Шевченківський, 20902",+380 48 386-49-43,dashkevychserhii@example.com
Рудик,Ярослав,Олександрович,Чоловіча,1996-11-24,Мовознавець,селище Часів Яр,"вулиця Житомирська, буд. 492, Угнів, 38426",+380 02 814-15-85,prokhiriurchyshyn@example.org
Абрамчук,Пріска,Романівна,Жіноча,1991-04-04,Дизайнер,хутір Берегове,"площа Чехівського, буд. 406, Миколаївка, 08374",+380 26 039-01-77,umanetsmaksym@example.net
Алексюк,Златослава,Андріївна,Жіноча,1973-04-24,Няня,хутір Хоростків,"вулиця Венгера, буд. 3 кв. 571, Покров, 92620",+380 75 581 49 34,rozaliiabaida@example.net
Дейнека,Костянтин,Дмитрович,Чоловіча,2007-06-23,Етнограф,місто Слов'янськ,"провулок Ботанічний, буд. 15, Сквира, 08904",+380 52 810-38-13,darynadubyna@example.com
Палій,Марʼяна,Богданівна,Жіноча,2009-05-07,Палеонтолог,селище Золотоноша,"площа Уральський, буд. 08, Яремче, 88906",734 10 08,tarasenkorostyslav@example.org
Чайка,Данна,Григорівна,Жіноча,1989-03-14,Клоун,село Шахтарське,"узвіз Партизанська, буд. 95 кв. 79, Костопіль, 57923",406 41 88,marta92@example.com
Адамчук,Леон,Богданович,Чоловіча,1964-09-19,Золотар,село Дубровиця,"вулиця 6-та Лінія 6-й ст. Люстдорфської дороги, буд. 926, Яворів, 40880",278-70-64,odarkadatsiuk@example.com
Щириця,Спас,Григорович,Чоловіча,2006-09-29,Програміст,село Носівка,"сквер Деволанівський узвіз, буд. 19 кв. 094, Самар, 02755",+380 (66) 972-57-99,herman10@example.net
Овсієнко,Ілля,Олександрович,Чоловіча,1963-10-27,Швачка,село Коростишів,"вулиця Савранська, буд. 65 кв. 71, Шептицький, 05163",166-80-70,klyment34@example.net
Єрмоленко,Геннадій,Михайлович,Чоловіча,2011-05-22,Фотограф,хутір Моршин,"проспект Саксаганського, буд. 387, Лозова, 54165",027 733-36-69,izhakmyroslav@example.com
Нестайко,Прохір,Степанович,Чоловіча,1964-06-28,Електромонтер,селище Подільськ,"сквер Гранатна, буд. 1, Деражня, 76575",337-31-37,iakivkorpaniuk@example.org
Деряжний,Валентин,Володимирович,Чоловіча,1979-04-07,Акушер,село Черкаси,"площа Лузанівський 1-й, буд. 2 кв. 733, Гірник, 23505",+380 10 044-67-41,ddashenko@example.com
Чалий,Володимир,Михайлович,Чоловіча,1984-07-24,Агроном,селище Сімферополь,"сквер Красний, буд. 714, Кадіївка, 53928",731-28-88,viktor72@example.com
Дрозд,Ірена,Олександрівна,Жіноча,2005-08-17,Електромонтажник,селище Ківерці,"узвіз Бригадна, буд. 0, Олевськ, 95019",069 013-18-60,oleksakorzh@example.org
Ємець,Олекса,Андрійович,Чоловіча,1996-09-03,Науковець,селище Гайсин,"сквер Студентський, буд. 4 кв. 3, Новоазовськ, 46457",079 102-93-14,nazarhohol@example.com
Зайченко,Клавдія,Дмитрівна,Жіноча,1957-03-23,Кінокритик,місто Боярка,"провулок Дача Ковалевського, буд. 38, Коломия, 78794",+380 88 668-99-97,taras60@example.com
Запорожець,Світлана,Тарасівна,Жіноча,1980-03-31,Детектив,хутір Новогродівка,"площа Весела, буд. 147, Святогірськ, 24764",+380 15 199-34-92,kbazylevska@example.org
Стельмах,Єфрем,Юрійович,Чоловіча,1977-10-09,Гицель,селище Тараща,"парк Богдана Хмельницького, буд. 30 кв. 44, Рахів, 46611",691-41-72,solomon04@example.net
Скопенко,Прохір,Андрійович,Чоловіча,1951-11-16,Палеонтолог,селище Чуднів,"провулок Офіцерський 1-й, буд. 03, Дубляни, 98480",977 38 63,volodymyra65@example.org
Даниленко,Веніямин,Юрійович,Чоловіча,1961-11-22,Електрик,хутір Перечин,"вулиця Привозна, буд. 9 кв. 946, Ізяслав, 68362",+380 87 312-51-18,iustymshcherbak@example.net
Єрошенко,Клавдія,Василівна,Жіноча,1970-11-11,Епідеміолог,місто Світловодськ,"шосе Канатна, буд. 11 кв. 4, Нова Каховка, 34033",+380 26 762 94 25,ksheremet@example.org
Сагаль,Стефан,Степанович,Чоловіча,1970-10-21,Прокурор,село Старий Крим,"проспект Технічний, буд. 587, Краматорськ, 50443",+380 54 931-32-98,semendeisun@example.net
Парасюк,Лариса,Петрівна,Жіноча,1974-10-08,Драматург,місто Старокостянтинів,"парк Міцкевича, буд. 426 кв. 97, Броди, 16381",+380 06 946-50-15,vasylenkohavrylo@example.net
Забашта,Ганна,Олександрівна,Жіноча,1994-03-27,Громадський діяч,хутір Ужгород,"вулиця Дачний 1-й, буд. 1, Костопіль, 05952",104-74-76,leonid66@example.org
Штокало,Варфоломій,Богданович,Чоловіча,1987-08-30,Геофізик,хутір Чигирин,"площа Амбулаторна, буд. 0, Хутір-Михайлівський, 44072",+380 30 710-82-07,larysaiaremenko@example.net
Жайворон,Альберт,Анатолійович,Чоловіча,2006-08-17,Архітектор,місто Новоукраїнка,"площа Азербайджан, буд. 9 кв. 7, Підгородне, 13133",+380 36 508-08-08,masliakmartyn@example.org
Скорик,Віра,Павлівна,Жіноча,1969-01-25,Продюсер,хутір Кипуче,"площа 13-та Лінія 6-й ст. Люстдорфської дороги, буд. 179, Славутич, 79414",+380 92 691-18-54,havrylyshynopanas@example.net
Заруба,Назар,Степанович,Чоловіча,2008-07-04,Флорист,хутір Борзна,"сквер Романтичний, буд. 42 кв. 801, Батурин, 95549",052 478-79-81,ndemydenko@example.net
Андрейко,Дмитро,Романович,Чоловіча,1997-04-01,Бізнесмен,хутір Інкерман,"набережна Юннатів, буд. 929, Рівне, 90035",+380 (15) 587-70-82,leopolddzhus@example.org
Чекалюк,Богуслава,Степанівна,Жіноча,1950-12-31,Музикант,село Новий Розділ,"сквер Кладовищенська, буд. 1, Вижниця, 30356",+380 39 252-59-61,pzabila@example.org
Заєць,Микита,Павлович,Чоловіча,1947-04-02,Юрист,селище Помічна,"проспект Вапняний 2-й, буд. 1 кв. 16, Берегове, 28456",872 71 34,pylypizhakevych@example.com
Тимченко,Дарина,Олександрівна,Жіноча,1981-06-16,Математик,місто Багачеве,"вулиця Сирітський, буд. 969 кв. 6, Шахтарське, 25546",003 083 89 38,deriazhnaiaroslava@example.net
Туркало,Симон,Григорович,Чоловіча,1965-02-09,Паблік рилейшнз,хутір Отаманівка,"проспект Проточний, буд. 025, Нова Одеса, 68397",795 74 96,deinekadan@example.com
Канівець,Анжела,Михайлівна,Жіноча,2009-06-06,Математик,село Вугледар,"узвіз Восьмого березня 4-й, буд. 8, Славута, 30054",+380 34 066-37-41,sychmykolai@example.com
Шахрай,Орхип,Михайлович,Чоловіча,2011-12-02,Детектив,село Берегове,"вулиця Світла, буд. 376 кв. 7, Болград, 55902",+380 60 056-08-47,liudmyla71@example.net
Ніколюк,Аліна,Вікторівна,Жіноча,1947-09-14,Зоолог,місто Ізмаїл,"площа Героїв оборони Одеси, буд. 19 кв. 610, Шептицький, 73829",066 915-25-80,qverkhovynets@example.com
Ільченко,Георгій,Дмитрович,Чоловіча,1955-11-01,Головний меркшейдер,селище Рогатин,"провулок Залізнична, буд. 2 кв. 9, Комарно, 82072",+380 17 454-89-58,skyrdavenedykt@example.net
Чайка,Нестор,Андрійович,Чоловіча,1987-07-28,Кухар,село Остер,"узвіз Бібліотечна, буд. 131, Гола Пристань, 84075",+380 55 076-72-11,olha45@example.org
Ґереґа,Гліб,Павлович,Чоловіча,1951-07-22,Музикант,хутір Стебник,"проспект Планетна, буд. 35 кв. 802, Балта, 47314",048 004-81-26,kradchenko@example.net
Рубець,Клавдія,Олександрівна,Жіноча,1948-09-01,Архітектор,село Кіцмань,"проспект Лиманчик 2-й Лінія 4-та, буд. 7 кв. 41, Бережани, 22889",005-54-11,maksym46@example.com
Гречко,Лесь,Володимирович,Чоловіча,1984-02-02,Нотаріус,селище Красилів,"провулок Цегельнозаводська, буд. 3, Теплодар, 85354",+380 02 619 24 59,kyrylo68@example.com
Тесля,Роман,Григорович,Чоловіча,1997-02-22,Гірничий інженер,село Гірське,"парк Лугова, буд. 7 кв. 71, Пирятин, 07073",+380 67 115-58-18,orkhypadamenko@example.com
Дейнека,Федір,Анатолійович,Чоловіча,2004-09-30,Дантист,місто Мар'їнка,"вулиця Сталепрокатна, буд. 691, Новояворівськ, 51365",+380 93 064-23-34,halynapalii@example.com
Івасюк,Георгій,Григорович,Чоловіча,1990-01-07,Правник,селище Жмеринка,"набережна Рибальська, буд. 56 кв. 4, Фастів, 55287",+380 70 813-67-68,iaremenkoorkhyp@example.net
Гузенко,Михайлина,Богданівна,Жіноча,1948-11-04,Електротехнік,селище Бобровиця,"площа Віталія Блажка, буд. 6, Харків, 37887",410-31-68,dzyndrafedir@example.org
Дрозд,Аніта,Володимирівна,Жіноча,1958-09-22,Кінорежисер,місто Хутір-Михайлівський,"узвіз Вокзальний, буд. 66, Привілля, 63101",+380 (23) 821-79-54,viacheslav83@example.org
Верховинець,Ліза,Богданівна,Жіноча,1953-11-20,Бухгалтер,селище Лебедин,"узвіз Проїзний 1-й, буд. 372, Львів, 34257",+380 (98) 832-60-93,priskasomko@example.net
Акименко,Наталія,Іванівна,Жіноча,1984-07-10,Художник,місто Волноваха,"набережна Офіцерський 2-й, буд. 589 кв. 4, Василівка, 50175",+380 (45) 014-71-33,fomenkohanna@example.com
Зінчук,Валентина,Олексіївна,Жіноча,1959-06-09,Агроном,місто Вуглегірськ,"шосе Персикова, буд. 06, Погребище, 26281",+380 99 141 36 36,hermanvivcharenko@example.com
Бакуменко,Євген,Григорович,Чоловіча,1969-03-13,Електрослюсар,хутір Татарбунари,"сквер Сливовий, буд. 45, Покров, 77775",+380 (88) 676-56-87,gonishchuk@example.com
Вишиваний,Гаврило,Петрович,Чоловіча,1989-10-22,Золотар,селище Красноперекопськ,"шосе Карпатська, буд. 650, Барвінкове, 42286",+380 82 040-43-77,azarbakumenko@example.net
Лазаренко,Гліб,Тарасович,Чоловіча,1967-05-29,Модельєр,хутір Корюківка,"шосе 15-та Лінія 6-й ст. Люстдорфської дороги, буд. 9, Волноваха, 78981",+380 36 785-08-86,ubashtan@example.com
Дурдинець,Аарон,Романович,Чоловіча,1987-12-13,Бізнесмен,місто Оріхів,"площа Отамана Чепіги, буд. 162, Калуш, 18471",065 055-61-84,vvashchuk@example.net
Козаченко,Віолетта,Вікторівна,Жіноча,1988-01-24,Гінеколог,селище Макіївка,"сквер Хаджибейський 3-й, буд. 37, Кам'янка-Дніпровська, 02607",+380 29 367 95 61,bohdanandroshchuk@example.org
Дерегус,Устим,Михайлович,Чоловіча,2004-07-23,Співак,село Кипуче,"шосе Керченська, буд. 044 кв. 384, Гадяч, 53322",001 888 84 60,tovstolisomelian@example.net
Бабенко,Орися,Вікторівна,Жіноча,1971-07-24,Клавішник,місто Моршин,"шосе Сирітський, буд. 7, Олешки, 98572",+380 (09) 724-91-35,serhii32@example.org
Затула,Розалія,Дмитрівна,Жіноча,1997-06-15,Випробувач,селище Ворожба,"сквер узвіз Віталія Блажка, буд. 044 кв. 453, Горлівка, 29784",+380 10 220-08-41,symon86@example.net
Барабаш,Соломон,Анатолійович,Чоловіча,1994-09-26,Кінокритик,село Бахчисарай,"шосе Віри Холодної, буд. 79, Українськ, 59666",+380 49 219-49-25,bevztetiana@example.net
Червоненко,Ірена,Михайлівна,Жіноча,1957-07-05,Правник,місто Ірміно,"проспект 19-та Лінія, буд. 6 кв. 5, Черкаси, 67472",801-57-03,demianiukparmen@example.org
Карась,Опанас,Петрович,Чоловіча,1952-01-29,Електротехнік,хутір Липовець,"узвіз Технічний, буд. 204, Жидачів, 79052",088 074 95 16,semenbazylevska@example.com
Данилюк,Ігор,Сергійович,Чоловіча,1984-05-03,Журналіст,село Боково-Хрустальне,"сквер Пішонівська, буд. 96, Отаманівка, 72617",000 816-19-57,qarkhypenko@example.org
Тимчук,Розалія,Анатоліївна,Жіноча,1966-09-18,Шериф,місто Сколе,"проспект Яна Длугоша, буд. 170 кв. 9, Самбір, 47911",+380 47 347-49-99,babkobohuslava@example.org
Романенко,Андрій,Павлович,Чоловіча,1989-07-30,Громадський діяч,село Буськ,"набережна Левадна, буд. 127, Іловайськ, 98066",+380 46 333 37 36,nestor61@example.net
Дубас,Спас,Степанович,Чоловіча,1962-02-21,Клоун,місто Гайворон,"вулиця Водний, буд. 7 кв. 73, Козятин, 17999",+380 87 158-94-24,ovasylevych@example.net
Чарниш,Павло,Іванович,Чоловіча,1984-11-28,Секретар,хутір Бар,"шосе Миколаївська дорога, буд. 58, Петрово-Красносілля, 40164",+380 99 404 47 73,fchuiko@example.net
Лупій,Станіслав,Сергійович,Чоловіча,1951-06-07,Футболіст,селище Хотин,"шосе Обільний 2-й, буд. 89, Могилів-Подільський, 50064",+380 (64) 342-24-12,nazariemelianenko@example.net
Колодуб,Венедикт,Михайлович,Чоловіча,1982-03-17,Гінеколог,селище Амвросіївка,"проспект Вернидуба, буд. 4 кв. 884, Тальне, 02527",+380 06 292-83-96,hlibpoltavets@example.org
Влох,Станіслав,Тарасович,Чоловіча,1969-10-02,Детектив,місто Нетішин,"набережна Скляний 1-й, буд. 39 кв. 946, Збараж, 41226",045-34-60,leonidarkhypenko@example.org
Вернигора,Емілія,Юріївна,Жіноча,1990-02-15,Економіст,місто Валки,"сквер Космонавтів, буд. 03, Пирятин, 56443",081 106 84 94,bohuslav39@example.com
Павлик,Аркадій,Андрійович,Чоловіча,1978-08-26,Електромонтер,хутір Антрацит,"шосе Болградська, буд. 02, Ківерці, 71272",+380 88 216 98 33,hannafartushniak@example.org
Саєнко,Михайлина,Юріївна,Жіноча,1989-06-08,Геофізик,селище Хорол,"провулок Журавлина, буд. 1, Зіньків, 69520",+380 02 892-69-89,riaboshapkaoryna@example.org
Александренко,Богдан,Павлович,Чоловіча,1988-08-09,Науковець,хутір Кадіївка,"проспект Друга, буд. 7 кв. 24, Городище, 62418",735 21 53,kamillashchors@example.com
Копитко,Герман,Романович,Чоловіча,1988-10-04,Юрист,село Городня,"парк Старорізнична, буд. 2, Чернівці, 30224",071 192-24-13,jartymovych@example.net
Бездітко,Борис,Олександрович,Чоловіча,2010-06-28,Геофізик,хутір Володимир-Волинський,"парк Тиха, буд. 12 кв. 393, Тульчин, 35132",+380 56 744-75-86,herman38@example.com
Ващенко,Ярослава,Вікторівна,Жіноча,1996-12-06,Дерун,хутір Фастів,"вулиця Софіївська, буд. 76, Старий Самбір, 39078",073 633 16 94,orkhypnosachenko@example.net
Оберемко,Августин,Павлович,Чоловіча,2010-08-08,Ґрунтознавець,місто Сіверськодонецьк,"сквер Горбатий міст, буд. 640, Генічеськ, 75099",+380 68 410-38-54,anzhela66@example.net
Чумак,Василина,Петрівна,Жіноча,1953-12-19,Детектив,місто Немирів,"проспект Зернова, буд. 17 кв. 23, Карлівка, 72787",049 734 93 33,shynkarenkomariana@example.net
Атаманчук,Мирон,Романович,Чоловіча,1959-11-09,Географ,селище Хутір-Михайлівський,"шосе Проїзний 2-й, буд. 90, Бар, 01099",+380 (27) 840-64-57,martyn26@example.net
Теліженко,Клавдія,Григорівна,Жіноча,1973-11-18,Льотчик,місто Рожище,"шосе Андреєвського, буд. 164 кв. 8, Черкаси, 01256",+380 38 559-12-96,iarema17@example.org
Вахній,Руслан,Григорович,Чоловіча,1950-06-29,Випробувач,хутір Славутич,"узвіз Садовий, буд. 889 кв. 09, Житомир, 83396",+380 00 535-99-40,emiliia70@example.org
Іваничук,Ігор,Романович,Чоловіча,1994-09-06,Дизайнер,місто Южне,"провулок Бернардацці, буд. 7 кв. 00, Кропивницький, 30778",+380 87 818-41-51,veniiamyn19@example.org
Кибкало,Хома,Дмитрович,Чоловіча,1946-10-21,Соціолог,селище Яготин,"провулок Тополиний, буд. 9 кв. 114, Судак, 66785",+380 34 812 16 79,stanislav66@example.net
Удовенко,Роксолана,Тарасівна,Жіноча,1994-08-17,Каскадер,село Заводське,"шосе Усатівська, буд. 04, Липовець, 25186",+380 (59) 481-78-07,taras29@example.org
Балабан,Златослава,Вікторівна,Жіноча,1979-02-19,Зоолог,хутір Соснівка,"сквер Шкільний, буд. 1, Старокостянтинів, 82153",067 928 77 15,kostiantyn06@example.net
Чміль,Адам,Юрійович,Чоловіча,1965-11-12,Гицель,село Лутугине,"набережна 15-та Лінія 6-й ст. Люстдорфської дороги, буд. 832 кв. 7, Шахтарськ, 70624",349-47-28,uostapchuk@example.com
Шинкаренко,Прохір,Анатолійович,Чоловіча,1980-03-04,Кухар,селище Донецьк,"провулок Трудова, буд. 233, Тетіїв, 46357",069 745-29-02,goliashomelian@example.com
Кабаненко,Тетяна,Романівна,Жіноча,1974-12-29,Кінорежисер,селище Новодружеськ,"вулиця 6-та Лінія 6-й ст. Люстдорфської дороги, буд. 5 кв. 344, Заставна, 88206",+380 76 715-43-60,nandriishyn@example.org
Скопенко,Герман,Олексійович,Чоловіча,1999-07-23,Музикант,хутір Світловодськ,"вулиця Андросовський, буд. 5 кв. 2, Берислав, 76862",035 199-30-70,bebeshkoherman@example.org
Ящук,Пилип,Михайлович,Чоловіча,1975-05-18,Палеонтолог,хутір Городок,"шосе Князівська, буд. 6, Селидове, 93659",+380 39 177-48-11,khomazarudnyi@example.com
Чайка,Лукʼян,Миколайович,Чоловіча,1974-09-28,Психолог,селище Шепетівка,"вулиця Суднобудівний, буд. 055 кв. 45, Теребовля, 89066",+380 (97) 046-12-67,tlupii@example.net
Овсієнко,Арсен,Андрійович,Чоловіча,1967-05-14,Сантехнік,селище Деражня,"шосе Хімічний 2-й, буд. 547 кв. 0, Зміїв, 05480",+380 09 719-38-39,zasenkosofiia@example.org
Артимович,Христина,Андріївна,Жіноча,1987-06-04,Мовознавець,селище Зоринськ,"вулиця Грецький, буд. 066 кв. 915, Ровеньки, 63213",853 11 20,panteleimon18@example.net
Данченко,Остап,Олександрович,Чоловіча,1984-08-12,Продюсер,хутір Бобровиця,"узвіз Красива, буд. 007 кв. 48, Шпола, 78233",813 04 35,satsiuksvitlana@example.com
Остапчук,Віктор,Олександрович,Чоловіча,1967-04-02,Актор,хутір Красноперекопськ,"проспект Ярослава Баїса, буд. 12 кв. 9, Макіївка, 61255",825 43 20,oryna48@example.com
Рябець,Тарас,Григорович,Чоловіча,1975-10-09,Випробувач,селище Рені,"набережна Іванівська, буд. 02, Антрацит, 81999",011 130-10-16,iefrem38@example.com
Павленко,Одарка,Олександрівна,Жіноча,2009-07-12,Сантехнік,хутір Гола Пристань,"проспект Лузанівка, буд. 2 кв. 5, Новий Розділ, 36226",870-74-04,mamchuroles@example.net
Вітрук,Єва,Олександрівна,Жіноча,1993-04-05,Ді-джей,селище Пирятин,"площа Хлібна гавань, буд. 460, Пустомити, 80012",098 701-89-99,stuspavlo@example.net
Франчук,Остап,Богданович,Чоловіча,1999-02-21,Пекар,хутір Гірське,"площа Нерубайська, буд. 82 кв. 74, Кам'янка-Бузька, 72620",+380 73 711-12-05,orysia33@example.org
